Classes,Difference5,Difference4,Difference3,Difference2,Difference1,Difference0,,,QuerySet,,,,,,,,,,,,,,,
QuerySet,,,3,,,0,,,,,,,,,,,,,,,,,,
AdminSite,,,,,,,,,,,,,,,,,,,,,,,,
BaseCommand,,,,,,,,,Base DatabaseOperations,,97a38de230,/Users/neda/Desktop/workspace/BadSmells/util/Python/django/__init__/__init__@90faa196f6@Sat Jul 26 13:06:49 2014 +0200.py,BaseDatabaseOperations,Yes,1447,1449,2,1984,/Users/neda/Desktop/workspace/BadSmells/util/Python/django/__init__/__init__,,,,,
BaseDatabaseOperationsv1,,,,2,,,,,,,4696cd9671,/Users/neda/Desktop/workspace/BadSmells/util/Python/django/__init__/__init__@5f2f47fdfc@Wed Apr 9 22:41:33 2014 +0200.py,BaseDatabaseOperations,Yes,1386,1391,5,1984,/Users/neda/Desktop/workspace/BadSmells/util/Python/django/__init__/__init__,,,,,
BaseDatabaseOperationsv2,5,,,2,,,,,,,4696cd9671,/Users/neda/Desktop/workspace/BadSmells/util/Python/django/__init__/__init__@3033a7193a@Fri Apr 11 22:55:07 2014 +0200.py,BaseDatabaseOperations,Yes,1389,1391,2,1984,/Users/neda/Desktop/workspace/BadSmells/util/Python/django/__init__/__init__,,,,,
BaseDatabaseOperationsv3,,,,,,0,,,,,90faa196f6,/Users/neda/Desktop/workspace/BadSmells/util/Python/django/__init__/__init__@90faa196f6@Sat Jul 26 13:06:49 2014 +0200.py,BaseDatabaseOperations,Yes,1447,1447,0,1984,/Users/neda/Desktop/workspace/BadSmells/util/Python/django/__init__/__init__,,,,,
BaseDatabaseWrapperv1,,,,,,0,,,,,,,,,,,,,,,,,,
BaseDatabaseWrapperv2,5,,,2,,,,,,,,,,,,,,,,,,,,
BaseDatabaseWrapperv2,,,,,,0,,,,,,,,,,,,,,,,,,
BaseForm,,4,,2,1,0,,,BaseDatabaseWrapper,,97a38de230,/Users/neda/Desktop/workspace/BadSmells/util/Python/django/__init__/__init__@90faa196f6@Sat Jul 26 13:06:49 2014 +0200.py,BaseDatabaseWrapper,Yes,1447,1449,2,1984,/Users/neda/Desktop/workspace/BadSmells/util/Python/django/__init__/__init__,,,,,
BaseModelAdmin,,,,,,,,,,,4696cd9671,/Users/neda/Desktop/workspace/BadSmells/util/Python/django/__init__/__init__@5f2f47fdfc@Wed Apr 9 22:41:33 2014 +0200.py,BaseDatabaseWrapper,Yes,1386,1391,5,1984,/Users/neda/Desktop/workspace/BadSmells/util/Python/django/__init__/__init__,,,,,
BaseModelFormSet,,,,,,,,,,,4696cd9671,/Users/neda/Desktop/workspace/BadSmells/util/Python/django/__init__/__init__@3033a7193a@Fri Apr 11 22:55:07 2014 +0200.py,BaseDatabaseWrapper,Yes,1389,1391,2,1984,/Users/neda/Desktop/workspace/BadSmells/util/Python/django/__init__/__init__,,,,,
BaseQuery,,,,,,,,,,,90faa196f6,/Users/neda/Desktop/workspace/BadSmells/util/Python/django/__init__/__init__@90faa196f6@Sat Jul 26 13:06:49 2014 +0200.py,BaseDatabaseWrapper,Yes,1447,1447,0,1984,/Users/neda/Desktop/workspace/BadSmells/util/Python/django/__init__/__init__,,,,,
Command,,,,,,,,,,,,,,,,,,,,,,,,
DatabaseWrapper,,,,2,,,,,,,,,,,,,,,,,,,,
Field,5,4,3,2,1,,,,BaseForm,,a6691e5dcf,/Users/neda/Desktop/workspace/BadSmells/util/Python/django/forms/forms@de0a22be35@Sat Aug 2 15:14:13 2014 +0200.py,BaseForm,Yes,389,393,4,505,/Users/neda/Desktop/workspace/BadSmells/util/Python/django/forms/forms,,,,,
GeoQuerySet,,,,,,,,,,,a6691e5dcf,/Users/neda/Desktop/workspace/BadSmells/util/Python/django/forms/forms@399cf303cb@Mon Aug 4 06:57:09 2014 -0400.py,BaseForm,Yes,391,393,2,505,/Users/neda/Desktop/workspace/BadSmells/util/Python/django/forms/forms,,,,,
HttpResponseBase,,,,,,,,,,,a6691e5dcf,/Users/neda/Desktop/workspace/BadSmells/util/Python/django/forms/forms@deed00c0d8@Wed Aug 6 22:26:23 2014 -0430.py,BaseForm,Yes,392,393,1,505,/Users/neda/Desktop/workspace/BadSmells/util/Python/django/forms/forms,,,,,
ModelAdmin,,,,,,,,,,,a6691e5dcf,/Users/neda/Desktop/workspace/BadSmells/util/Python/django/forms/forms@a6691e5dcf@Thu Aug 21 19:09:05 2014 +0200.py,BaseForm,Yes,393,393,0,505,/Users/neda/Desktop/workspace/BadSmells/util/Python/django/forms/forms,,,,,
ModelBase,,,3,,1,0,,,,,,,,,,,,,,,,,,
ModelWithoutMeta,,,,,,,,,,,,,,,,,,,,,,,,
Options,5,,3,,,,,,DatabaseWrapper,,54ea290e5b,/Users/neda/Desktop/workspace/BadSmells/util/Python/django/base/base@335c9c94ac@Tue Aug 20 08:54:41 2019 +0100.py,DatabaseWrapper,Yes,1721,1723,2,1805,/Users/neda/Desktop/workspace/BadSmells/util/Python/django/base/base,,,,,
OracleQuerySet,,,,,,,,,,,,,,,,,,,,,,,,
Query,5,4,,2,1,,,,,,,,,,,,,,,,,,,
QuerySet,,3,,,,0,,,Field,,90faa196f6,/Users/neda/Desktop/workspace/BadSmells/util/Python/django/__init__/__init__@ed7821231b@Tue Jul 15 10:35:29 2014 +0100.py,Field,Yes,1442,1447,5,1984,/Users/neda/Desktop/workspace/BadSmells/util/Python/django/__init__/__init__,,,,,
SessionBase,,,,,,,,,,,90faa196f6,/Users/neda/Desktop/workspace/BadSmells/util/Python/django/__init__/__init__@1ed6fbcf44@Wed Jul 23 11:41:06 2014 +0200.py,Field,Yes,1443,1447,4,1984,/Users/neda/Desktop/workspace/BadSmells/util/Python/django/__init__/__init__,,,,,
,,,,,,,,,,,90faa196f6,/Users/neda/Desktop/workspace/BadSmells/util/Python/django/__init__/__init__@57554442fe@Thu Jul 24 13:57:24 2014 +0100.py,Field,Yes,1444,1447,3,1984,/Users/neda/Desktop/workspace/BadSmells/util/Python/django/__init__/__init__,,,,,
,,,,,,,,,,,90faa196f6,/Users/neda/Desktop/workspace/BadSmells/util/Python/django/__init__/__init__@2f73b527dd@Fri Jul 25 19:20:00 2014 +0200.py,Field,Yes,1445,1447,2,1984,/Users/neda/Desktop/workspace/BadSmells/util/Python/django/__init__/__init__,,,,,
,,,,,,,,,,,90faa196f6,/Users/neda/Desktop/workspace/BadSmells/util/Python/django/__init__/__init__@6eed751162@Sat Jul 26 12:06:19 2014 +0200.py,Field,Yes,1446,1447,1,1984,/Users/neda/Desktop/workspace/BadSmells/util/Python/django/__init__/__init__,,,,,
,,,,,,,,,,,,,,,,,,,,,,,,
,,,,,,,,,,,,,,,,,,,,,,,,
,,,,,,,,,ModelBase,,54ea290e5b,/Users/neda/Desktop/workspace/BadSmells/util/Python/django/base/base@85458e94e3@Sat Aug 17 15:30:29 2019 +0200.py,ModelBase,Yes,1720,1723,3,1805,/Users/neda/Desktop/workspace/BadSmells/util/Python/django/base/base,,,,,
,,,,,,,,,,,54ea290e5b,/Users/neda/Desktop/workspace/BadSmells/util/Python/django/base/base@f97bbad908@Fri Aug 30 10:28:18 2019 +0200.py,ModelBase,Yes,1722,1723,1,1805,/Users/neda/Desktop/workspace/BadSmells/util/Python/django/base/base,,,,,
,,,,,,,,,,,54ea290e5b,/Users/neda/Desktop/workspace/BadSmells/util/Python/django/base/base@54ea290e5b@Mon Sep 2 19:09:31 2019 -0700.py,ModelBase,Yes,1723,1723,0,1805,/Users/neda/Desktop/workspace/BadSmells/util/Python/django/base/base,,,,,
,,,,,,,,,,,,,,,,,,,,,,,,
,,,,,,,,,,,,,,,,,,,,,,,,
,,,,,,,,,,,,,,,,,,,,,,,,
,,,,,,,,,Options,,3021453285,/Users/neda/Desktop/workspace/BadSmells/util/Python/django/options/options@87d0a3384c@Fri Jun 6 16:16:17 2014 +0000.py,Options,Yes,374,379,5,606,/Users/neda/Desktop/workspace/BadSmells/util/Python/django/options/options,,,,,
,,,,,,,,,,,3021453285,/Users/neda/Desktop/workspace/BadSmells/util/Python/django/options/options@9cd5201abd@Mon Jul 14 14:23:34 2014 +0300.py,Options,Yes,376,379,3,606,/Users/neda/Desktop/workspace/BadSmells/util/Python/django/options/options,,,,,
,,,,,,,,,,,,,,,,,,,,,,,,
,,,,,,,,,,,,,,,,,,,,,,,,
,,,,,,,,,Query,,74261bc593,/Users/neda/Desktop/workspace/BadSmells/util/Python/django/query/query@d9521f66b1@Sat May 2 15:54:17 2015 +0200.py,Query,Yes,634,639,5,939,/Users/neda/Desktop/workspace/BadSmells/util/Python/django/query/query,,,,,
,,,,,,,,,,,74261bc593,/Users/neda/Desktop/workspace/BadSmells/util/Python/django/query/query@54026f1e8d@Sat May 2 21:27:44 2015 +0200.py,Query,Yes,635,639,4,939,/Users/neda/Desktop/workspace/BadSmells/util/Python/django/query/query,,,,,
,,,,,,,,,,,74261bc593,/Users/neda/Desktop/workspace/BadSmells/util/Python/django/query/query@bc87061a3c@Tue May 19 14:49:00 2015 +0300.py,Query,Yes,637,639,2,939,/Users/neda/Desktop/workspace/BadSmells/util/Python/django/query/query,,,,,
,,,,,,,,,,,74261bc593,/Users/neda/Desktop/workspace/BadSmells/util/Python/django/query/query@801a84ae32@Sun May 24 19:05:56 2015 +0200.py,Query,Yes,638,639,1,939,/Users/neda/Desktop/workspace/BadSmells/util/Python/django/query/query,,,,,
,,,,,,,,,,,,,,,,,,,,,,,,
,,,,,,,,,,,,,,,,,,,,,,,,
,,,,,,,,,QuerySet,,74261bc593,/Users/neda/Desktop/workspace/BadSmells/util/Python/django/query/query@4157c502a5@Wed May 13 20:51:18 2015 +0200.py,QuerySet,Yes,636,639,3,939,/Users/neda/Desktop/workspace/BadSmells/util/Python/django/query/query,,,,,
,,,,,,,,,,,74261bc593,/Users/neda/Desktop/workspace/BadSmells/util/Python/django/query/query@74261bc593@Fri May 29 18:10:52 2015 +0200.py,QuerySet,Yes,639,639,0,939,/Users/neda/Desktop/workspace/BadSmells/util/Python/django/query/query,,,,,