Class Name,Difference5,Difference4,Difference3,Difference2,Difference1,Difference0,,,,,,,,,,,,,,,,,,
Graphv1,5,,,,,,,,,,,,,,,,,,,,,,,
Graphv2,,4,,,,,,,,,,,,,,,,,,,,,,
Graphv3,5,,3,,,,,,,,,,,,,,,,,,,,,
ImageDataGeneratorv1,5,4,,,,,,,,,,,,,,,,,,,,,,
ImageDataGeneratorv2,5,4,3,2,1,,,,,,,,,,,,,,,,,,,
ImageDataGeneratorv3,5,4,3,,,,,,,,,,,,,,,,,,,,,
ImageDataGeneratorv5,5,4,3,2,,,,,,,,,,,,,,,,,,,,
ImageDataGeneratorv6,5,,,,,,,,,,,,,,,,,,,,,,,
Modelv1,,,,2,1,,,,,,,,,,,,,,,,,,,
Modelv2,,4,3,,,,,,,,,,,,,,,,,,,,,
Modelv3,,,3,2,,,,,,,,,,,,,,,,,,,,
Modelv4,5,,,,,,,,,,,,,,,,,,,,,,,
Modelv5,5,4,,,,,,,,,,,,,,,,,,,,,,
SeparableConv2D,,,,2,1,,,,,,,,,,,,,,,,,,,
Sequentialv1,,4,,,,,,,,,,,,,,,,,,,,,,
Sequentialv2,,4,,,,,,,,,,,,,,,,,,,,,,
Sequentialv3,5,,3,,,,,,,,,,,,,,,,,,,,,
Sequentialv4,5,,3,2,1,,,,,,e5b99c75,/Users/neda/Desktop/workspace/BadSmells/util/Python/keras/models/models@1c7a0248@Mon May 2 18:33:25 2016 -0400.py,Graph,Yes,202,207,5,332,/Users/neda/Desktop/workspace/BadSmells/util/Python/keras/models/models,,,,,
Sequentialv5,5,4,3,,1,,,,,,,,,,,,,,,,,,,
Sequentialv6,,,,,1,,,,,,5156673e,/Users/neda/Desktop/workspace/BadSmells/util/Python/keras/models/models@1c7a0248@Mon May 2 18:33:25 2016 -0400.py,Graph,Yes,202,206,4,332,/Users/neda/Desktop/workspace/BadSmells/util/Python/keras/models/models,,,,,
Sequentialv7,5,4,3,2,,,,,,Graph,,,,,,,,,,,,,,
Sequentialv8,5,,,,,,,,,,1529c9c4,/Users/neda/Desktop/workspace/BadSmells/util/Python/keras/models/models@3b961a6b@Wed Apr 13 19:30:11 2016 -0700.py,Graph,Yes,200,205,5,332,/Users/neda/Desktop/workspace/BadSmells/util/Python/keras/models/models,,,,,
Sequentialv9,5,4,3,,,,,,,,1529c9c4,/Users/neda/Desktop/workspace/BadSmells/util/Python/keras/models/models@1c7a0248@Mon May 2 18:33:25 2016 -0400.py,Graph,Yes,202,205,3,332,/Users/neda/Desktop/workspace/BadSmells/util/Python/keras/models/models,,,,,
Sequentialv10,,,,,1,,,,,,,,,,,,,,,,,,,
Sequentialv11,5,4,3,2,1,,,,,,,,,,,,,,,,,,,
Sequentialv12,,4,3,2,1,,,,,ImageDataGenerator,b71f6ba8,/Users/neda/Desktop/workspace/BadSmells/util/Python/keras/image/image@973ece98@Fri Jun 3 23:13:11 2016 -0700.py,ImageDataGenerator,Yes,29,34,5,137,/Users/neda/Desktop/workspace/BadSmells/util/Python/keras/image/image,,,,,
Sequentialv13,,4,,,,,,,,,b71f6ba8,/Users/neda/Desktop/workspace/BadSmells/util/Python/keras/image/image@edbec2db@Fri Jun 3 23:13:46 2016 -0700.py,ImageDataGenerator,Yes,30,34,4,137,/Users/neda/Desktop/workspace/BadSmells/util/Python/keras/image/image,,,,,
SeparableConvolution2D,,,,,,,,,,,,,,,,,,,,,,,,
Layer,,,,,,,,,,,0e18e345,/Users/neda/Desktop/workspace/BadSmells/util/Python/keras/image/image@c9f7d970@Tue Apr 26 15:24:05 2016 -0700.py,ImageDataGenerator,Yes,26,31,5,137,/Users/neda/Desktop/workspace/BadSmells/util/Python/keras/image/image,,,,,
LocallyConnected2D,,,,,,,,,,,0e18e345,/Users/neda/Desktop/workspace/BadSmells/util/Python/keras/image/image@6ec5e489@Wed Apr 27 10:53:54 2016 -0700.py,ImageDataGenerator,Yes,27,31,4,137,/Users/neda/Desktop/workspace/BadSmells/util/Python/keras/image/image,,,,,
LSTM,,,,,,,,,,,0e18e345,/Users/neda/Desktop/workspace/BadSmells/util/Python/keras/image/image@595d67ad@Sat May 7 10:13:11 2016 +0900.py,ImageDataGenerator,Yes,28,31,3,137,/Users/neda/Desktop/workspace/BadSmells/util/Python/keras/image/image,,,,,
LSTMCell,,,,,,,,,,,0e18e345,/Users/neda/Desktop/workspace/BadSmells/util/Python/keras/image/image@973ece98@Fri Jun 3 23:13:11 2016 -0700.py,ImageDataGenerator,Yes,29,31,2,137,/Users/neda/Desktop/workspace/BadSmells/util/Python/keras/image/image,,,,,
Merge,,,,,,,,,,,0e18e345,/Users/neda/Desktop/workspace/BadSmells/util/Python/keras/image/image@edbec2db@Fri Jun 3 23:13:46 2016 -0700.py,ImageDataGenerator,Yes,30,31,1,137,/Users/neda/Desktop/workspace/BadSmells/util/Python/keras/image/image,,,,,
MinimalRNNCell,,,,,,,,,,,,,,,,,,,,,,,,
SimpleRNN,,,,,,,,,,,dfc128b8,/Users/neda/Desktop/workspace/BadSmells/util/Python/keras/image/image@595d67ad@Sat May 7 10:13:11 2016 +0900.py,ImageDataGenerator,Yes,28,33,5,137,/Users/neda/Desktop/workspace/BadSmells/util/Python/keras/image/image,,,,,
TensorBoard,,,,,,,,,,,dfc128b8,/Users/neda/Desktop/workspace/BadSmells/util/Python/keras/image/image@973ece98@Fri Jun 3 23:13:11 2016 -0700.py,ImageDataGenerator,Yes,29,33,4,137,/Users/neda/Desktop/workspace/BadSmells/util/Python/keras/image/image,,,,,
_SeparableConv,,,,,,,,,,,dfc128b8,/Users/neda/Desktop/workspace/BadSmells/util/Python/keras/image/image@edbec2db@Fri Jun 3 23:13:46 2016 -0700.py,ImageDataGenerator,Yes,30,33,3,137,/Users/neda/Desktop/workspace/BadSmells/util/Python/keras/image/image,,,,,
Bidirectional,,,,,,,,,,,,,,,,,,,,,,,,
Container,,,,,,,,,,,3bba409d,/Users/neda/Desktop/workspace/BadSmells/util/Python/keras/image/image@6ec5e489@Wed Apr 27 10:53:54 2016 -0700.py,ImageDataGenerator,Yes,27,32,5,137,/Users/neda/Desktop/workspace/BadSmells/util/Python/keras/image/image,,,,,
Conv2DTranspose,,,,,,,,,,,3bba409d,/Users/neda/Desktop/workspace/BadSmells/util/Python/keras/image/image@595d67ad@Sat May 7 10:13:11 2016 +0900.py,ImageDataGenerator,Yes,28,32,4,137,/Users/neda/Desktop/workspace/BadSmells/util/Python/keras/image/image,,,,,
Conv3DTranspose,,,,,,,,,,,3bba409d,/Users/neda/Desktop/workspace/BadSmells/util/Python/keras/image/image@973ece98@Fri Jun 3 23:13:11 2016 -0700.py,ImageDataGenerator,Yes,29,32,3,137,/Users/neda/Desktop/workspace/BadSmells/util/Python/keras/image/image,,,,,
ConvLSTM2D,,,,,,,,,,,3bba409d,/Users/neda/Desktop/workspace/BadSmells/util/Python/keras/image/image@edbec2db@Fri Jun 3 23:13:46 2016 -0700.py,ImageDataGenerator,Yes,30,32,2,137,/Users/neda/Desktop/workspace/BadSmells/util/Python/keras/image/image,,,,,
ConvLSTM2DCell,,,,,,,,,,,,,,,,,,,,,,,,
ConvRNN2D,,,,,,,,,,,604ea8d6,/Users/neda/Desktop/workspace/BadSmells/util/Python/keras/image/image@edbec2db@Fri Jun 3 23:13:46 2016 -0700.py,ImageDataGenerator,Yes,30,35,5,137,/Users/neda/Desktop/workspace/BadSmells/util/Python/keras/image/image,,,,,
Cropping3D,,,,,,,,,,,,,,,,,,,,,,,,
CuDNNLSTM,,,,,,,,,,,,,,,,,,,,,,,,
GRU,,,,,,,,,,Model:,ba11d9ca,/Users/neda/Desktop/workspace/BadSmells/util/Python/keras/models/models@d57206df@Fri Jun 26 17:09:25 2015 -0400.py,Model,Yes,75,77,2,332,/Users/neda/Desktop/workspace/BadSmells/util/Python/keras/models/models,,,,,
GRUCell,,,,,,,,,,,ba11d9ca,/Users/neda/Desktop/workspace/BadSmells/util/Python/keras/models/models@45e444cc@Fri Jun 26 15:21:45 2015 -0700.py,Model,Yes,76,77,1,332,/Users/neda/Desktop/workspace/BadSmells/util/Python/keras/models/models,,,,,
,,,,,,,,,,,,,,,,,,,,,,,,
,,,,,,,,,,,f04fdec9,/Users/neda/Desktop/workspace/BadSmells/util/Python/keras/models/models@d57206df@Fri Jun 26 17:09:25 2015 -0400.py,Model,Yes,75,79,4,332,/Users/neda/Desktop/workspace/BadSmells/util/Python/keras/models/models,,,,,
,,,,,,,,,,,f04fdec9,/Users/neda/Desktop/workspace/BadSmells/util/Python/keras/models/models@45e444cc@Fri Jun 26 15:21:45 2015 -0700.py,Model,Yes,76,79,3,332,/Users/neda/Desktop/workspace/BadSmells/util/Python/keras/models/models,,,,,
,,,,,,,,,,,,,,,,,,,,,,,,
,,,,,,,,,,,752037c1,/Users/neda/Desktop/workspace/BadSmells/util/Python/keras/models/models@d57206df@Fri Jun 26 17:09:25 2015 -0400.py,Model,Yes,75,78,3,332,/Users/neda/Desktop/workspace/BadSmells/util/Python/keras/models/models,,,,,
,,,,,,,,,,,752037c1,/Users/neda/Desktop/workspace/BadSmells/util/Python/keras/models/models@45e444cc@Fri Jun 26 15:21:45 2015 -0700.py,Model,Yes,76,78,2,332,/Users/neda/Desktop/workspace/BadSmells/util/Python/keras/models/models,,,,,
,,,,,,,,,,,,,,,,,,,,,,,,
,,,,,,,,,,,2ab9f0ef,/Users/neda/Desktop/workspace/BadSmells/util/Python/keras/models/models@45e444cc@Fri Jun 26 15:21:45 2015 -0700.py,Model,Yes,76,81,5,332,/Users/neda/Desktop/workspace/BadSmells/util/Python/keras/models/models,,,,,
,,,,,,,,,,,,,,,,,,,,,,,,
,,,,,,,,,,,e8a6ae29,/Users/neda/Desktop/workspace/BadSmells/util/Python/keras/models/models@d57206df@Fri Jun 26 17:09:25 2015 -0400.py,Model,Yes,75,80,5,332,/Users/neda/Desktop/workspace/BadSmells/util/Python/keras/models/models,,,,,
,,,,,,,,,,,e8a6ae29,/Users/neda/Desktop/workspace/BadSmells/util/Python/keras/models/models@45e444cc@Fri Jun 26 15:21:45 2015 -0700.py,Model,Yes,76,80,4,332,/Users/neda/Desktop/workspace/BadSmells/util/Python/keras/models/models,,,,,
,,,,,,,,,,,,,,,,,,,,,,,,
,,,,,,,,,,SeparableConv2D,d971e0cc,/Users/neda/Desktop/workspace/BadSmells/util/Python/keras/convolutional/convolutional@47c09d95@Thu Jul 14 11:22:27 2016 -0700.py,SeparableConv2D,Yes,94,96,2,221,/Users/neda/Desktop/workspace/BadSmells/util/Python/keras/convolutional/convolutional,,,,,
,,,,,,,,,,,d971e0cc,/Users/neda/Desktop/workspace/BadSmells/util/Python/keras/convolutional/convolutional@fde0aac7@Fri Jul 15 06:46:00 2016 +0530.py,SeparableConv2D,Yes,95,96,1,221,/Users/neda/Desktop/workspace/BadSmells/util/Python/keras/convolutional/convolutional,,,,,
,,,,,,,,,,,,,,,,,,,,,,,,
,,,,,,,,,,Sequential,66b8f371,/Users/neda/Desktop/workspace/BadSmells/util/Python/keras/models/models@2ab9f0ef@Tue Jun 30 17:59:19 2015 -0700.py,Sequential,Yes,81,85,4,332,/Users/neda/Desktop/workspace/BadSmells/util/Python/keras/models/models,,,,,
,,,,,,,,,,,,,,,,,,,,,,,,
,,,,,,,,,,,f1cd4365,/Users/neda/Desktop/workspace/BadSmells/util/Python/keras/models/models@2ab9f0ef@Tue Jun 30 17:59:19 2015 -0700.py,Sequential,Yes,81,84,3,332,/Users/neda/Desktop/workspace/BadSmells/util/Python/keras/models/models,,,,,
,,,,,,,,,,,,,,,,,,,,,,,,
,,,,,,,,,,,6289de37,/Users/neda/Desktop/workspace/BadSmells/util/Python/keras/models/models@46e19b95@Thu Jul 16 16:31:47 2015 +0900.py,Sequential,Yes,101,106,5,332,/Users/neda/Desktop/workspace/BadSmells/util/Python/keras/models/models,,,,,
,,,,,,,,,,,6289de37,/Users/neda/Desktop/workspace/BadSmells/util/Python/keras/models/models@2fbfbddd@Tue Jul 21 15:40:38 2015 +0900.py,Sequential,Yes,103,106,3,332,/Users/neda/Desktop/workspace/BadSmells/util/Python/keras/models/models,,,,,
,,,,,,,,,,,,,,,,,,,,,,,,
,,,,,,,,,,,48ea8dfb,/Users/neda/Desktop/workspace/BadSmells/util/Python/keras/models/models@f142d34f@Thu Jul 9 11:47:19 2015 +0200.py,Sequential,Yes,92,97,5,332,/Users/neda/Desktop/workspace/BadSmells/util/Python/keras/models/models,,,,,
,,,,,,,,,,,48ea8dfb,/Users/neda/Desktop/workspace/BadSmells/util/Python/keras/models/models@493e6d28@Tue Jul 14 10:03:19 2015 +0200.py,Sequential,Yes,94,97,3,332,/Users/neda/Desktop/workspace/BadSmells/util/Python/keras/models/models,,,,,
,,,,,,,,,,,48ea8dfb,/Users/neda/Desktop/workspace/BadSmells/util/Python/keras/models/models@848e1fb5@Tue Jul 14 16:49:55 2015 +0200.py,Sequential,Yes,95,97,2,332,/Users/neda/Desktop/workspace/BadSmells/util/Python/keras/models/models,,,,,
,,,,,,,,,,,48ea8dfb,/Users/neda/Desktop/workspace/BadSmells/util/Python/keras/models/models@319e18ad@Tue Jul 14 16:51:31 2015 +0200.py,Sequential,Yes,96,97,1,332,/Users/neda/Desktop/workspace/BadSmells/util/Python/keras/models/models,,,,,
,,,,,,,,,,,,,,,,,,,,,,,,
,,,,,,,,,,,ec8f7f00,/Users/neda/Desktop/workspace/BadSmells/util/Python/keras/models/models@43d84368@Thu Jul 16 15:18:34 2015 +0900.py,Sequential,Yes,99,104,5,332,/Users/neda/Desktop/workspace/BadSmells/util/Python/keras/models/models,,,,,
,,,,,,,,,,,ec8f7f00,/Users/neda/Desktop/workspace/BadSmells/util/Python/keras/models/models@8824f1b4@Thu Jul 16 16:31:14 2015 +0900.py,Sequential,Yes,100,104,4,332,/Users/neda/Desktop/workspace/BadSmells/util/Python/keras/models/models,,,,,
,,,,,,,,,,,ec8f7f00,/Users/neda/Desktop/workspace/BadSmells/util/Python/keras/models/models@46e19b95@Thu Jul 16 16:31:47 2015 +0900.py,Sequential,Yes,101,104,3,332,/Users/neda/Desktop/workspace/BadSmells/util/Python/keras/models/models,,,,,
,,,,,,,,,,,ec8f7f00,/Users/neda/Desktop/workspace/BadSmells/util/Python/keras/models/models@2fbfbddd@Tue Jul 21 15:40:38 2015 +0900.py,Sequential,Yes,103,104,1,332,/Users/neda/Desktop/workspace/BadSmells/util/Python/keras/models/models,,,,,
,,,,,,,,,,,,,,,,,,,,,,,,
,,,,,,,,,,,03e512a3,/Users/neda/Desktop/workspace/BadSmells/util/Python/keras/models/models@f142d34f@Thu Jul 9 11:47:19 2015 +0200.py,Sequential,Yes,92,93,1,332,/Users/neda/Desktop/workspace/BadSmells/util/Python/keras/models/models,,,,,
,,,,,,,,,,,,,,,,,,,,,,,,
,,,,,,,,,,,a32b7ef0,/Users/neda/Desktop/workspace/BadSmells/util/Python/keras/models/models@a4af21d5@Wed Jun 3 17:39:11 2015 +0200.py,Sequential,Yes,45,50,5,332,/Users/neda/Desktop/workspace/BadSmells/util/Python/keras/models/models,,,,,
,,,,,,,,,,,a32b7ef0,/Users/neda/Desktop/workspace/BadSmells/util/Python/keras/models/models@8606aec9@Wed Jun 3 10:40:54 2015 -0700.py,Sequential,Yes,46,50,4,332,/Users/neda/Desktop/workspace/BadSmells/util/Python/keras/models/models,,,,,
,,,,,,,,,,,a32b7ef0,/Users/neda/Desktop/workspace/BadSmells/util/Python/keras/models/models@a6824931@Fri Jun 5 21:47:32 2015 +0200.py,Sequential,Yes,47,50,3,332,/Users/neda/Desktop/workspace/BadSmells/util/Python/keras/models/models,,,,,
,,,,,,,,,,,a32b7ef0,/Users/neda/Desktop/workspace/BadSmells/util/Python/keras/models/models@206f29ea@Sat Jun 6 00:49:00 2015 +0200.py,Sequential,Yes,48,50,2,332,/Users/neda/Desktop/workspace/BadSmells/util/Python/keras/models/models,,,,,
,,,,,,,,,,,,,,,,,,,,,,,,
,,,,,,,,,,,e975f8a6,/Users/neda/Desktop/workspace/BadSmells/util/Python/keras/models/models@2fbfbddd@Tue Jul 21 15:40:38 2015 +0900.py,Sequential,Yes,103,108,5,332,/Users/neda/Desktop/workspace/BadSmells/util/Python/keras/models/models,,,,,
,,,,,,,,,,,,,,,,,,,,,,,,
,,,,,,,,,,,6892a20a,/Users/neda/Desktop/workspace/BadSmells/util/Python/keras/models/models@8606aec9@Wed Jun 3 10:40:54 2015 -0700.py,Sequential,Yes,46,51,5,332,/Users/neda/Desktop/workspace/BadSmells/util/Python/keras/models/models,,,,,
,,,,,,,,,,,6892a20a,/Users/neda/Desktop/workspace/BadSmells/util/Python/keras/models/models@a6824931@Fri Jun 5 21:47:32 2015 +0200.py,Sequential,Yes,47,51,4,332,/Users/neda/Desktop/workspace/BadSmells/util/Python/keras/models/models,,,,,
,,,,,,,,,,,6892a20a,/Users/neda/Desktop/workspace/BadSmells/util/Python/keras/models/models@206f29ea@Sat Jun 6 00:49:00 2015 +0200.py,Sequential,Yes,48,51,3,332,/Users/neda/Desktop/workspace/BadSmells/util/Python/keras/models/models,,,,,
,,,,,,,,,,,,,,,,,,,,,,,,
,,,,,,,,,,,24df6a9f,/Users/neda/Desktop/workspace/BadSmells/util/Python/keras/models/models@2ab9f0ef@Tue Jun 30 17:59:19 2015 -0700.py,Sequential,Yes,81,82,1,332,/Users/neda/Desktop/workspace/BadSmells/util/Python/keras/models/models,,,,,
,,,,,,,,,,,,,,,,,,,,,,,,
,,,,,,,,,,,2084c160,/Users/neda/Desktop/workspace/BadSmells/util/Python/keras/models/models@54b999e6@Mon Jun 1 20:11:44 2015 -0700.py,Sequential,Yes,44,49,5,332,/Users/neda/Desktop/workspace/BadSmells/util/Python/keras/models/models,,,,,
,,,,,,,,,,,2084c160,/Users/neda/Desktop/workspace/BadSmells/util/Python/keras/models/models@a4af21d5@Wed Jun 3 17:39:11 2015 +0200.py,Sequential,Yes,45,49,4,332,/Users/neda/Desktop/workspace/BadSmells/util/Python/keras/models/models,,,,,
,,,,,,,,,,,2084c160,/Users/neda/Desktop/workspace/BadSmells/util/Python/keras/models/models@8606aec9@Wed Jun 3 10:40:54 2015 -0700.py,Sequential,Yes,46,49,3,332,/Users/neda/Desktop/workspace/BadSmells/util/Python/keras/models/models,,,,,
,,,,,,,,,,,2084c160,/Users/neda/Desktop/workspace/BadSmells/util/Python/keras/models/models@a6824931@Fri Jun 5 21:47:32 2015 +0200.py,Sequential,Yes,47,49,2,332,/Users/neda/Desktop/workspace/BadSmells/util/Python/keras/models/models,,,,,
,,,,,,,,,,,2084c160,/Users/neda/Desktop/workspace/BadSmells/util/Python/keras/models/models@206f29ea@Sat Jun 6 00:49:00 2015 +0200.py,Sequential,Yes,48,49,1,332,/Users/neda/Desktop/workspace/BadSmells/util/Python/keras/models/models,,,,,
,,,,,,,,,,,,,,,,,,,,,,,,
,,,,,,,,,,,3b4b5a65,/Users/neda/Desktop/workspace/BadSmells/util/Python/keras/models/models@2b7a3cba@Wed Jul 15 16:59:28 2015 +0200.py,Sequential,Yes,98,102,4,332,/Users/neda/Desktop/workspace/BadSmells/util/Python/keras/models/models,,,,,
,,,,,,,,,,,3b4b5a65,/Users/neda/Desktop/workspace/BadSmells/util/Python/keras/models/models@43d84368@Thu Jul 16 15:18:34 2015 +0900.py,Sequential,Yes,99,102,3,332,/Users/neda/Desktop/workspace/BadSmells/util/Python/keras/models/models,,,,,
,,,,,,,,,,,3b4b5a65,/Users/neda/Desktop/workspace/BadSmells/util/Python/keras/models/models@8824f1b4@Thu Jul 16 16:31:14 2015 +0900.py,Sequential,Yes,100,102,2,332,/Users/neda/Desktop/workspace/BadSmells/util/Python/keras/models/models,,,,,
,,,,,,,,,,,3b4b5a65,/Users/neda/Desktop/workspace/BadSmells/util/Python/keras/models/models@46e19b95@Thu Jul 16 16:31:47 2015 +0900.py,Sequential,Yes,101,102,1,332,/Users/neda/Desktop/workspace/BadSmells/util/Python/keras/models/models,,,,,
,,,,,,,,,,,,,,,,,,,,,,,,
,,,,,,,,,,,a08bf38e,/Users/neda/Desktop/workspace/BadSmells/util/Python/keras/models/models@2fbfbddd@Tue Jul 21 15:40:38 2015 +0900.py,Sequential,Yes,103,107,4,332,/Users/neda/Desktop/workspace/BadSmells/util/Python/keras/models/models,,,,,