Issue ID,Issue Body,issue User,commitID,Commit Subject,Author of Commit,Committer Name,cosine similiarity
13292,Fixed #31865 -- Adjusted admin sidebar template to reduce debug logging.,carltongibson,0aeb802cf0,Fixed #31865 -- Adjusted admin nav sidebar template to reduce debug logging.,Carlton Gibson,Carlton Gibson,0.9534625892455924
13189,Fixed #31791 -- Made technical 404 debug page display the tried URL patterns for Http404.,jdufresne,11ebc6479f,Fixed #31791 -- Made technical 404 debug page display the tried URL patterns for Http404.,Jon Dufresne,Mariusz Felisiak,1.0
13176,Fixed #31674 -- Made technical 500 debug page respect __suppress_context__.,orf,78ae8cc5d8,Fixed #31674 -- Fixed displaying traceback in technical 500 debug page.,Hasan Ramezani,Mariusz Felisiak,0.6735753140545634
13176,Fixed #31674 -- Made technical 500 debug page respect __suppress_context__.,orf,079deba530,Fixed #32087 -- Made technical 500 debug page use HTTPS for sharing traceback.,nik258heda,Mariusz Felisiak,0.5773502691896257
13176,Fixed #31674 -- Made technical 500 debug page respect __suppress_context__.,orf,f36862b69c,Fixed #31674 -- Made technical 500 debug page respect __suppress_context__.,Tom Forbes,Mariusz Felisiak,1.0
13163,Refs #30400 -- Improved typography in debug and csrf templates.,jdufresne,0e6fa65ffd,Refs #30400 -- Improved typography in debug and csrf templates.,Jon Dufresne,Mariusz Felisiak,1.0
13139,Fixed #30945 -- Doc'd plural equations changes in 2.2. release notes.,smithdc1,baf404f749,Fixed #30945 -- Doc'd plural equations changes in 2.2. release notes.,David Smith,GitHub,1.0
13100,Refs #31692 -- Fixed compilemessages crash on Windows with Python < 3.8.,felixxm,96a3ea39ef,"Fixed #31784 -- Fixed crash when sending emails on Python 3.6.11+, 3.7.8+, and 3.8.4+.",Florian Apolloner,Mariusz Felisiak,0.5598925109558544
12700,Fixed #31451 -- Made settings cleansing work with list and tuple settings.,ichlaffterlalu,9c92924cd5,Fixed #31942 -- Made settings cleansing work with dictionary settings with non-string keys.,Jeremy Lainé,Mariusz Felisiak,0.6726727939963125
12691,Fixed #31407 -- Fixed unawaited coroutine warning for Python  3.8+.,carltongibson,96a3ea39ef,"Fixed #31784 -- Fixed crash when sending emails on Python 3.6.11+, 3.7.8+, and 3.8.4+.",Florian Apolloner,Mariusz Felisiak,0.5360562674188974
12678,Fixed #30779 -- Improved selection of filenames in technical 500 debug page.,hramezani,78ae8cc5d8,Fixed #31674 -- Fixed displaying traceback in technical 500 debug page.,Hasan Ramezani,Mariusz Felisiak,0.6092717958449424
12678,Fixed #30779 -- Improved selection of filenames in technical 500 debug page.,hramezani,f36862b69c,Fixed #31674 -- Made technical 500 debug page respect __suppress_context__.,Tom Forbes,Mariusz Felisiak,0.502518907629606
12403,Fixed #31222 -- Fixed typo in docs/internals/contributing/bugs-and-features.txt.,Vibhu-Agarwal,7f9e4524d6,Fixed typo in docs/releases/3.2.txt.,Jacob Walls,GitHub,0.5669467095138409
12403,Fixed #31222 -- Fixed typo in docs/internals/contributing/bugs-and-features.txt.,Vibhu-Agarwal,b3b0be3df3,Fixed typo in docs/ref/checks.txt.,Mariusz Felisiak,GitHub,0.6060915267313265
12403,Fixed #31222 -- Fixed typo in docs/internals/contributing/bugs-and-features.txt.,Vibhu-Agarwal,4e4db426c5,Fixed typo in docs/topics/testing/tools.txt.,Jacob Walls,GitHub,0.5669467095138409
12403,Fixed #31222 -- Fixed typo in docs/internals/contributing/bugs-and-features.txt.,Vibhu-Agarwal,c9f12f149f,Fixed typo in docs/topics/i18n/translation.txt.,shivam sharma,Mariusz Felisiak,0.5669467095138409
12403,Fixed #31222 -- Fixed typo in docs/internals/contributing/bugs-and-features.txt.,Vibhu-Agarwal,10a289745f,Fixed typo and indentation in docs/ref/forms/fields.txt.,Mariusz Felisiak,GitHub,0.5916079783099616
12403,Fixed #31222 -- Fixed typo in docs/internals/contributing/bugs-and-features.txt.,Vibhu-Agarwal,3e753d3de3,Fixed #31925 -- Fixed typo in docs/releases/3.0.txt.,Kaustubh,GitHub,0.6172133998483678
12403,Fixed #31222 -- Fixed typo in docs/internals/contributing/bugs-and-features.txt.,Vibhu-Agarwal,927bd888dd,Fixed #31906 -- Fixed typo in docs/ref/forms/fields.txt.,Ninad Kulkarni,Mariusz Felisiak,0.6172133998483678
12403,Fixed #31222 -- Fixed typo in docs/internals/contributing/bugs-and-features.txt.,Vibhu-Agarwal,67e4a9a4b9,Fixed #31909 -- Fixed typo in docs/ref/contrib/admin/index.txt.,Enderson Menezes,Mariusz Felisiak,0.592999453328881
12403,Fixed #31222 -- Fixed typo in docs/internals/contributing/bugs-and-features.txt.,Vibhu-Agarwal,d534b5734f,Fixed typo in docs/ref/django-admin.txt.,Mariusz Felisiak,GitHub,0.5669467095138409
12403,Fixed #31222 -- Fixed typo in docs/internals/contributing/bugs-and-features.txt.,Vibhu-Agarwal,cdead4f013,Fixed typo in docs/ref/contrib/postgres/fields.txt.,Thomas,Mariusz Felisiak,0.5345224838248488
12403,Fixed #31222 -- Fixed typo in docs/internals/contributing/bugs-and-features.txt.,Vibhu-Agarwal,51e536178c,Fixed typo in docs/ref/models/querysets.txt.,Ramiro Morales,Mariusz Felisiak,0.5669467095138409
12403,Fixed #31222 -- Fixed typo in docs/internals/contributing/bugs-and-features.txt.,Vibhu-Agarwal,f65454801b,Fixed #31814 -- Fixed typo in docs/ref/settings.txt.,Buk Bukowski,GitHub,0.6446583712203042
12403,Fixed #31222 -- Fixed typo in docs/internals/contributing/bugs-and-features.txt.,Vibhu-Agarwal,d08e6f55e3,FIxed typo in docs/ref/contrib/postgres/forms.txt.,Eric Theise,GitHub,0.5345224838248488
12017,Refs #21231 -- Backport urllib.parse.parse_qsl() from Python 3.8.,pope1ni,fd209f62f1,Refs #21231 -- Backport urllib.parse.parse_qsl() from Python 3.8.,Nick Pope,Mariusz Felisiak,0.9999999999999998
11970,Fixed #30907 -- Fixed SplitArrayField.has_changed() with removal of empty trailing values.,paveldedik,a56586eafe,Fixed #32134 -- Fixed crash of __range lookup with namedtuple.,Adam Johnson,Mariusz Felisiak,0.5017452060042545
11320,Removed unnecessary line in DebugLexer.tokenize().,sanchjat,e92971ccb0,Removed unnecessary check in BaseModelAdmin.get_view_on_site_url().,Marco Richetta,GitHub,0.5000000000000001
11320,Removed unnecessary line in DebugLexer.tokenize().,sanchjat,6e9c5ee88f,Removed unnecessary sentence in QuerySet docs.,Adam Alton,GitHub,0.5000000000000001
10252,Fixed #29499 - Fixed race condition in QuerySet.update_or_create(),msanders-arm,60626162f7,Fixed #31866 -- Fixed locking proxy models in QuerySet.select_for_update(of=()).,Daniel Hillier,Mariusz Felisiak,0.5477225575051661
10252,Fixed #29499 - Fixed race condition in QuerySet.update_or_create(),msanders-arm,ae8338daf3,Fixed #31767 -- Fixed QuerySet.none() on combined queryset.,Mariusz Felisiak,GitHub,0.5477225575051661
9415,Fixed #28882 -- Fixed bug with saving disabled MultiValueField,avalanchy,e4ab44a4b2,Fixed #32038 -- Fixed EmptyFieldListFilter crash with GenericRelation.,Mariusz Felisiak,Mariusz Felisiak,0.5270462766947299
8703,Fixed #28360 -- Fixed crash of test runner with --debug-sql on fail/error in subTest.,sir-sigurd,a56586eafe,Fixed #32134 -- Fixed crash of __range lookup with namedtuple.,Adam Johnson,Mariusz Felisiak,0.5118906968889915
8703,Fixed #28360 -- Fixed crash of test runner with --debug-sql on fail/error in subTest.,sir-sigurd,bf6d07730c,Fixed #31902 -- Fixed crash of ExclusionConstraint on expressions with params.,Maxim Petrov,Mariusz Felisiak,0.560112033611204
8003,Fixed #27800 -- Fixed QuerySet.annotate(Length(...)).distinct() crash.,eukreign,e4ab44a4b2,Fixed #32038 -- Fixed EmptyFieldListFilter crash with GenericRelation.,Mariusz Felisiak,Mariusz Felisiak,0.5270462766947299
8003,Fixed #27800 -- Fixed QuerySet.annotate(Length(...)).distinct() crash.,eukreign,eaf9764d3b,Fixed #32007 -- Fixed queryset crash with Q() annotation and aggregation.,Mariusz Felisiak,GitHub,0.5477225575051661
8003,Fixed #27800 -- Fixed QuerySet.annotate(Length(...)).distinct() crash.,eukreign,ae8338daf3,Fixed #31767 -- Fixed QuerySet.none() on combined queryset.,Mariusz Felisiak,GitHub,0.5477225575051661
7671,Fixed #27418 -- Fixed occasional missing plural forms in JavaScriptCatalog.,wkornewald,b5acb9db75,Fixed #31907 -- Fixed missing validate_key() calls in cache backends.,Nick Pope,Mariusz Felisiak,0.5454545454545454
7671,Fixed #27418 -- Fixed occasional missing plural forms in JavaScriptCatalog.,wkornewald,927bd888dd,Fixed #31906 -- Fixed typo in docs/ref/forms/fields.txt.,Ninad Kulkarni,Mariusz Felisiak,0.5222329678670935
7460,Fixed #27418 -- Fixed occasional missing plural forms in JavaScriptCatalog.,wkornewald,b5acb9db75,Fixed #31907 -- Fixed missing validate_key() calls in cache backends.,Nick Pope,Mariusz Felisiak,0.5454545454545454
7460,Fixed #27418 -- Fixed occasional missing plural forms in JavaScriptCatalog.,wkornewald,927bd888dd,Fixed #31906 -- Fixed typo in docs/ref/forms/fields.txt.,Ninad Kulkarni,Mariusz Felisiak,0.5222329678670935
7079,Fixed #24112 -- Fixed counting of elements if needle has no root element,adamzap,e26a7a8ef4,Fixed #27906 -- Fixed test tools counting of HTML matches for subsets of elements.,Jacob Walls,Carlton Gibson,0.5185629788417315
7062,Fixed #22669 -- Fixed QuerySet.bulk_create() with empty model fields on Oracle.,mnach,c7c7615d00,Fixed #32116 -- Fixed QuerySet.order_by() crash on EmptyQuerySet with union() on a single non-empty ordered queryset.,Hannes Ljungberg,Mariusz Felisiak,0.5783149319662404
7062,Fixed #22669 -- Fixed QuerySet.bulk_create() with empty model fields on Oracle.,mnach,fc1446073e,Fixed #31987 -- Fixed Cast() with DurationField on MySQL.,Petr Čermák,Mariusz Felisiak,0.5262348115842176
7062,Fixed #22669 -- Fixed QuerySet.bulk_create() with empty model fields on Oracle.,mnach,ae8338daf3,Fixed #31767 -- Fixed QuerySet.none() on combined queryset.,Mariusz Felisiak,GitHub,0.5604485383178051
6966,Fixed #26938 -- Fixed invalid HTML in template postmortem on the debug page.,jdufresne,78ae8cc5d8,Fixed #31674 -- Fixed displaying traceback in technical 500 debug page.,Hasan Ramezani,Mariusz Felisiak,0.5400617248673217
6966,Fixed #26938 -- Fixed invalid HTML in template postmortem on the debug page.,jdufresne,b807298c66,Fixed #32051 -- Fixed rocket animation on the 'Congrats' page.,Thibaud Colas,Mariusz Felisiak,0.5640760748177662
6966,Fixed #26938 -- Fixed invalid HTML in template postmortem on the debug page.,jdufresne,feb6581993,"Fixed the centering of the ""Log in"" button on admin login page.",Jon Dufresne,GitHub,0.5
6905,Fixed #26671 -- Fixed bug in url converter,mrlnx,b5acb9db75,Fixed #31907 -- Fixed missing validate_key() calls in cache backends.,Nick Pope,Mariusz Felisiak,0.502518907629606
6905,Fixed #26671 -- Fixed bug in url converter,mrlnx,f65454801b,Fixed #31814 -- Fixed typo in docs/ref/settings.txt.,Buk Bukowski,GitHub,0.502518907629606
6895,Fixed #26872 -- Fixed filter overflow bug in admin,kennethyang404,342a41740d,Fixed #32072 -- Fixed admin search bar height.,Tom Carrick,Mariusz Felisiak,0.5270462766947299
6895,Fixed #26872 -- Fixed filter overflow bug in admin,kennethyang404,8ee4bb6ffc,Fixed #31986 -- Fixed admin filter sidebar scrolling.,Tom Carrick,Mariusz Felisiak,0.6324555320336759
6895,Fixed #26872 -- Fixed filter overflow bug in admin,kennethyang404,01c6caa3e6,Fixed #32027 -- Fixed wrapping of long words in admin error messages.,Matthias Kestenholz,GitHub,0.5262348115842176
6895,Fixed #26872 -- Fixed filter overflow bug in admin,kennethyang404,67e4a9a4b9,Fixed #31909 -- Fixed typo in docs/ref/contrib/admin/index.txt.,Enderson Menezes,Mariusz Felisiak,0.5262348115842176
6895,Fixed #26872 -- Fixed filter overflow bug in admin,kennethyang404,e70dc506d7,Fixed #31854 -- Fixed wrapping of long model names in admin's sidebar.,Mariusz Felisiak,Carlton Gibson,0.50709255283711
6895,Fixed #26872 -- Fixed filter overflow bug in admin,kennethyang404,b0af56f639,Fixed #31853 -- Fixed wrapping of translated action labels in admin sidebar.,007gzs,Carlton Gibson,0.5262348115842176
6408,Refs #21608 -- Fixed wrong cache key in cache session backend.,jdufresne,9e04b242ee,Refs #31907 -- Added cache key validation tests for cache operations.,Nick Pope,Mariusz Felisiak,0.5000000000000001
5998,Fixed #22669 -- Fixed QuerySet.bulk_create() with empty model fields on Oracle.,slavama,c7c7615d00,Fixed #32116 -- Fixed QuerySet.order_by() crash on EmptyQuerySet with union() on a single non-empty ordered queryset.,Hannes Ljungberg,Mariusz Felisiak,0.5783149319662404
5998,Fixed #22669 -- Fixed QuerySet.bulk_create() with empty model fields on Oracle.,slavama,fc1446073e,Fixed #31987 -- Fixed Cast() with DurationField on MySQL.,Petr Čermák,Mariusz Felisiak,0.5262348115842176
5998,Fixed #22669 -- Fixed QuerySet.bulk_create() with empty model fields on Oracle.,slavama,ae8338daf3,Fixed #31767 -- Fixed QuerySet.none() on combined queryset.,Mariusz Felisiak,GitHub,0.5604485383178051
5237,Fixed #25357 -- Database deduplication on Oracle.,aaugustin,09914ccf68,Fixed test_clean_does_deduplicate_values on Oracle after e13cfc6dfd4212ef7a40db1a41d3ae6ac4b97de0.,Mariusz Felisiak,GitHub,0.5000000000000001
4980,Improved whitespace in debug templates.,timgraham,0e6fa65ffd,Refs #30400 -- Improved typography in debug and csrf templates.,Jon Dufresne,Mariusz Felisiak,0.5962847939999439
4477,Fixed #24607 -- Fixed handling of natural keys in models that use inheritance,denys-duchier,60626162f7,Fixed #31866 -- Fixed locking proxy models in QuerySet.select_for_update(of=()).,Daniel Hillier,Mariusz Felisiak,0.5400617248673217
4259,Fixed #24455 -- Fixed crash in debug view with lazy objects,bpeschier,a56586eafe,Fixed #32134 -- Fixed crash of __range lookup with namedtuple.,Adam Johnson,Mariusz Felisiak,0.5222329678670935
4259,Fixed #24455 -- Fixed crash in debug view with lazy objects,bpeschier,78ae8cc5d8,Fixed #31674 -- Fixed displaying traceback in technical 500 debug page.,Hasan Ramezani,Mariusz Felisiak,0.5000000000000001
4259,Fixed #24455 -- Fixed crash in debug view with lazy objects,bpeschier,e4ab44a4b2,Fixed #32038 -- Fixed EmptyFieldListFilter crash with GenericRelation.,Mariusz Felisiak,Mariusz Felisiak,0.5773502691896257
4259,Fixed #24455 -- Fixed crash in debug view with lazy objects,bpeschier,71d10ca8c9,Fixed #31723 -- Fixed window functions crash with DecimalField on SQLite.,Hasan Ramezani,Mariusz Felisiak,0.5000000000000001
4259,Fixed #24455 -- Fixed crash in debug view with lazy objects,bpeschier,eaf9764d3b,Fixed #32007 -- Fixed queryset crash with Q() annotation and aggregation.,Mariusz Felisiak,GitHub,0.5000000000000001
4259,Fixed #24455 -- Fixed crash in debug view with lazy objects,bpeschier,179d9dc0c2,Fixed #31952 -- Fixed EmptyFieldListFilter crash with reverse relationships.,Federico Jaramillo Martínez,Mariusz Felisiak,0.5477225575051661
4259,Fixed #24455 -- Fixed crash in debug view with lazy objects,bpeschier,bf6d07730c,Fixed #31902 -- Fixed crash of ExclusionConstraint on expressions with params.,Maxim Petrov,Mariusz Felisiak,0.5000000000000001
3885,Fixed #24118 -- Added --debug-sql option for tests.,mjtamlyn,746bb13ceb,Fixed #22490 -- Added tests for Feed.get_object().,Octavio,Mariusz Felisiak,0.5345224838248487
3847,Fixed #23712 -- Fixed KeyError with BaseForm._html_output(),raully7,a56586eafe,Fixed #32134 -- Fixed crash of __range lookup with namedtuple.,Adam Johnson,Mariusz Felisiak,0.502518907629606
3847,Fixed #23712 -- Fixed KeyError with BaseForm._html_output(),raully7,07a30f5616,Fixed #31850 -- Fixed BasicExtractorTests.test_extraction_warning with xgettext 0.21+.,Max Smolens,Mariusz Felisiak,0.502518907629606
3847,Fixed #23712 -- Fixed KeyError with BaseForm._html_output(),raully7,e4ab44a4b2,Fixed #32038 -- Fixed EmptyFieldListFilter crash with GenericRelation.,Mariusz Felisiak,Mariusz Felisiak,0.5555555555555556
3847,Fixed #23712 -- Fixed KeyError with BaseForm._html_output(),raully7,fc1446073e,Fixed #31987 -- Fixed Cast() with DurationField on MySQL.,Petr Čermák,Mariusz Felisiak,0.5270462766947299
3847,Fixed #23712 -- Fixed KeyError with BaseForm._html_output(),raully7,179d9dc0c2,Fixed #31952 -- Fixed EmptyFieldListFilter crash with reverse relationships.,Federico Jaramillo Martínez,Mariusz Felisiak,0.5270462766947299
3847,Fixed #23712 -- Fixed KeyError with BaseForm._html_output(),raully7,615e32162f,Fixed #31751 -- Fixed database introspection with cx_Oracle 8.,Mariusz Felisiak,GitHub,0.5270462766947299
1704,Fixed 21157 -- Fixed problems with ResolverMatch,marfire,a56586eafe,Fixed #32134 -- Fixed crash of __range lookup with namedtuple.,Adam Johnson,Mariusz Felisiak,0.5330017908890261
1704,Fixed 21157 -- Fixed problems with ResolverMatch,marfire,07a30f5616,Fixed #31850 -- Fixed BasicExtractorTests.test_extraction_warning with xgettext 0.21+.,Max Smolens,Mariusz Felisiak,0.5330017908890261
1704,Fixed 21157 -- Fixed problems with ResolverMatch,marfire,e4ab44a4b2,Fixed #32038 -- Fixed EmptyFieldListFilter crash with GenericRelation.,Mariusz Felisiak,Mariusz Felisiak,0.5892556509887895
1704,Fixed 21157 -- Fixed problems with ResolverMatch,marfire,71d10ca8c9,Fixed #31723 -- Fixed window functions crash with DecimalField on SQLite.,Hasan Ramezani,Mariusz Felisiak,0.5103103630798287
1704,Fixed 21157 -- Fixed problems with ResolverMatch,marfire,eaf9764d3b,Fixed #32007 -- Fixed queryset crash with Q() annotation and aggregation.,Mariusz Felisiak,GitHub,0.5103103630798287
1704,Fixed 21157 -- Fixed problems with ResolverMatch,marfire,fc1446073e,Fixed #31987 -- Fixed Cast() with DurationField on MySQL.,Petr Čermák,Mariusz Felisiak,0.5590169943749475
1704,Fixed 21157 -- Fixed problems with ResolverMatch,marfire,179d9dc0c2,Fixed #31952 -- Fixed EmptyFieldListFilter crash with reverse relationships.,Federico Jaramillo Martínez,Mariusz Felisiak,0.5590169943749475
1704,Fixed 21157 -- Fixed problems with ResolverMatch,marfire,bf6d07730c,Fixed #31902 -- Fixed crash of ExclusionConstraint on expressions with params.,Maxim Petrov,Mariusz Felisiak,0.5103103630798287
1704,Fixed 21157 -- Fixed problems with ResolverMatch,marfire,615e32162f,Fixed #31751 -- Fixed database introspection with cx_Oracle 8.,Mariusz Felisiak,GitHub,0.5590169943749475
1423,Fixed #20844 -- adds formatted log entry in the body of the email ...,danielsokolowski,feb6581993,"Fixed the centering of the ""Log in"" button on admin login page.",Jon Dufresne,GitHub,0.5714285714285714
