CommitID,File Name,Class Name,DIT,NOC,isParallelInheritanceHiearchy,Index of File In Folder,Index of Bug Fixed Commit In File,Number of Files In Folder,Folder
49386e8d,/Users/neda/Desktop/workspace/BadSmells/util/Python/keras/training/training@028aae19@Sun Oct 23 18:01:16 2016 +0200.py,Model,3,2,False,60,62,255,/Users/neda/Desktop/workspace/BadSmells/util/Python/keras/training/training
49386e8d,/Users/neda/Desktop/workspace/BadSmells/util/Python/keras/training/training@a89dabe0@Wed Oct 26 19:18:59 2016 +0200.py,Model,3,2,False,61,62,255,/Users/neda/Desktop/workspace/BadSmells/util/Python/keras/training/training
49386e8d,/Users/neda/Desktop/workspace/BadSmells/util/Python/keras/training/training@49386e8d@Thu Nov 3 15:04:40 2016 -0200.py,Model,3,2,False,62,62,255,/Users/neda/Desktop/workspace/BadSmells/util/Python/keras/training/training
1400e7b3,/Users/neda/Desktop/workspace/BadSmells/util/Python/keras/callbacks/callbacks@1336cdb1@Thu Jan 10 03:33:33 2019 +0330.py,CallbackList,1,0,False,177,179,185,/Users/neda/Desktop/workspace/BadSmells/util/Python/keras/callbacks/callbacks
1400e7b3,/Users/neda/Desktop/workspace/BadSmells/util/Python/keras/callbacks/callbacks@1336cdb1@Thu Jan 10 03:33:33 2019 +0330.py,Callback,1,13,True,177,179,185,/Users/neda/Desktop/workspace/BadSmells/util/Python/keras/callbacks/callbacks
1400e7b3,/Users/neda/Desktop/workspace/BadSmells/util/Python/keras/callbacks/callbacks@1336cdb1@Thu Jan 10 03:33:33 2019 +0330.py,BaseLogger,2,0,False,177,179,185,/Users/neda/Desktop/workspace/BadSmells/util/Python/keras/callbacks/callbacks
1400e7b3,/Users/neda/Desktop/workspace/BadSmells/util/Python/keras/callbacks/callbacks@1336cdb1@Thu Jan 10 03:33:33 2019 +0330.py,TerminateOnNaN,2,0,False,177,179,185,/Users/neda/Desktop/workspace/BadSmells/util/Python/keras/callbacks/callbacks
1400e7b3,/Users/neda/Desktop/workspace/BadSmells/util/Python/keras/callbacks/callbacks@1336cdb1@Thu Jan 10 03:33:33 2019 +0330.py,ProgbarLogger,2,0,False,177,179,185,/Users/neda/Desktop/workspace/BadSmells/util/Python/keras/callbacks/callbacks
1400e7b3,/Users/neda/Desktop/workspace/BadSmells/util/Python/keras/callbacks/callbacks@1336cdb1@Thu Jan 10 03:33:33 2019 +0330.py,History,2,0,False,177,179,185,/Users/neda/Desktop/workspace/BadSmells/util/Python/keras/callbacks/callbacks
1400e7b3,/Users/neda/Desktop/workspace/BadSmells/util/Python/keras/callbacks/callbacks@1336cdb1@Thu Jan 10 03:33:33 2019 +0330.py,ModelCheckpoint,2,0,False,177,179,185,/Users/neda/Desktop/workspace/BadSmells/util/Python/keras/callbacks/callbacks
1400e7b3,/Users/neda/Desktop/workspace/BadSmells/util/Python/keras/callbacks/callbacks@1336cdb1@Thu Jan 10 03:33:33 2019 +0330.py,EarlyStopping,2,0,False,177,179,185,/Users/neda/Desktop/workspace/BadSmells/util/Python/keras/callbacks/callbacks
1400e7b3,/Users/neda/Desktop/workspace/BadSmells/util/Python/keras/callbacks/callbacks@1336cdb1@Thu Jan 10 03:33:33 2019 +0330.py,RemoteMonitor,2,0,False,177,179,185,/Users/neda/Desktop/workspace/BadSmells/util/Python/keras/callbacks/callbacks
1400e7b3,/Users/neda/Desktop/workspace/BadSmells/util/Python/keras/callbacks/callbacks@1336cdb1@Thu Jan 10 03:33:33 2019 +0330.py,LearningRateScheduler,2,0,False,177,179,185,/Users/neda/Desktop/workspace/BadSmells/util/Python/keras/callbacks/callbacks
1400e7b3,/Users/neda/Desktop/workspace/BadSmells/util/Python/keras/callbacks/callbacks@1336cdb1@Thu Jan 10 03:33:33 2019 +0330.py,TensorBoard,2,0,False,177,179,185,/Users/neda/Desktop/workspace/BadSmells/util/Python/keras/callbacks/callbacks
1400e7b3,/Users/neda/Desktop/workspace/BadSmells/util/Python/keras/callbacks/callbacks@1336cdb1@Thu Jan 10 03:33:33 2019 +0330.py,ReduceLROnPlateau,2,0,False,177,179,185,/Users/neda/Desktop/workspace/BadSmells/util/Python/keras/callbacks/callbacks
1400e7b3,/Users/neda/Desktop/workspace/BadSmells/util/Python/keras/callbacks/callbacks@1336cdb1@Thu Jan 10 03:33:33 2019 +0330.py,CSVLogger,2,0,False,177,179,185,/Users/neda/Desktop/workspace/BadSmells/util/Python/keras/callbacks/callbacks
1400e7b3,/Users/neda/Desktop/workspace/BadSmells/util/Python/keras/callbacks/callbacks@1336cdb1@Thu Jan 10 03:33:33 2019 +0330.py,CustomDialect,3,0,False,177,179,185,/Users/neda/Desktop/workspace/BadSmells/util/Python/keras/callbacks/callbacks
1400e7b3,/Users/neda/Desktop/workspace/BadSmells/util/Python/keras/callbacks/callbacks@1336cdb1@Thu Jan 10 03:33:33 2019 +0330.py,LambdaCallback,2,0,False,177,179,185,/Users/neda/Desktop/workspace/BadSmells/util/Python/keras/callbacks/callbacks
1400e7b3,/Users/neda/Desktop/workspace/BadSmells/util/Python/keras/callbacks/callbacks@04181419@Sat Jan 12 16:06:02 2019 +0200.py,CallbackList,1,0,False,178,179,185,/Users/neda/Desktop/workspace/BadSmells/util/Python/keras/callbacks/callbacks
1400e7b3,/Users/neda/Desktop/workspace/BadSmells/util/Python/keras/callbacks/callbacks@04181419@Sat Jan 12 16:06:02 2019 +0200.py,Callback,1,13,True,178,179,185,/Users/neda/Desktop/workspace/BadSmells/util/Python/keras/callbacks/callbacks
1400e7b3,/Users/neda/Desktop/workspace/BadSmells/util/Python/keras/callbacks/callbacks@04181419@Sat Jan 12 16:06:02 2019 +0200.py,BaseLogger,2,0,False,178,179,185,/Users/neda/Desktop/workspace/BadSmells/util/Python/keras/callbacks/callbacks
1400e7b3,/Users/neda/Desktop/workspace/BadSmells/util/Python/keras/callbacks/callbacks@04181419@Sat Jan 12 16:06:02 2019 +0200.py,TerminateOnNaN,2,0,False,178,179,185,/Users/neda/Desktop/workspace/BadSmells/util/Python/keras/callbacks/callbacks
1400e7b3,/Users/neda/Desktop/workspace/BadSmells/util/Python/keras/callbacks/callbacks@04181419@Sat Jan 12 16:06:02 2019 +0200.py,ProgbarLogger,2,0,False,178,179,185,/Users/neda/Desktop/workspace/BadSmells/util/Python/keras/callbacks/callbacks
1400e7b3,/Users/neda/Desktop/workspace/BadSmells/util/Python/keras/callbacks/callbacks@04181419@Sat Jan 12 16:06:02 2019 +0200.py,History,2,0,False,178,179,185,/Users/neda/Desktop/workspace/BadSmells/util/Python/keras/callbacks/callbacks
1400e7b3,/Users/neda/Desktop/workspace/BadSmells/util/Python/keras/callbacks/callbacks@04181419@Sat Jan 12 16:06:02 2019 +0200.py,ModelCheckpoint,2,0,False,178,179,185,/Users/neda/Desktop/workspace/BadSmells/util/Python/keras/callbacks/callbacks
1400e7b3,/Users/neda/Desktop/workspace/BadSmells/util/Python/keras/callbacks/callbacks@04181419@Sat Jan 12 16:06:02 2019 +0200.py,EarlyStopping,2,0,False,178,179,185,/Users/neda/Desktop/workspace/BadSmells/util/Python/keras/callbacks/callbacks
1400e7b3,/Users/neda/Desktop/workspace/BadSmells/util/Python/keras/callbacks/callbacks@04181419@Sat Jan 12 16:06:02 2019 +0200.py,RemoteMonitor,2,0,False,178,179,185,/Users/neda/Desktop/workspace/BadSmells/util/Python/keras/callbacks/callbacks
1400e7b3,/Users/neda/Desktop/workspace/BadSmells/util/Python/keras/callbacks/callbacks@04181419@Sat Jan 12 16:06:02 2019 +0200.py,LearningRateScheduler,2,0,False,178,179,185,/Users/neda/Desktop/workspace/BadSmells/util/Python/keras/callbacks/callbacks
1400e7b3,/Users/neda/Desktop/workspace/BadSmells/util/Python/keras/callbacks/callbacks@04181419@Sat Jan 12 16:06:02 2019 +0200.py,TensorBoard,2,0,False,178,179,185,/Users/neda/Desktop/workspace/BadSmells/util/Python/keras/callbacks/callbacks
1400e7b3,/Users/neda/Desktop/workspace/BadSmells/util/Python/keras/callbacks/callbacks@04181419@Sat Jan 12 16:06:02 2019 +0200.py,ReduceLROnPlateau,2,0,False,178,179,185,/Users/neda/Desktop/workspace/BadSmells/util/Python/keras/callbacks/callbacks
1400e7b3,/Users/neda/Desktop/workspace/BadSmells/util/Python/keras/callbacks/callbacks@04181419@Sat Jan 12 16:06:02 2019 +0200.py,CSVLogger,2,0,False,178,179,185,/Users/neda/Desktop/workspace/BadSmells/util/Python/keras/callbacks/callbacks
1400e7b3,/Users/neda/Desktop/workspace/BadSmells/util/Python/keras/callbacks/callbacks@04181419@Sat Jan 12 16:06:02 2019 +0200.py,CustomDialect,3,0,False,178,179,185,/Users/neda/Desktop/workspace/BadSmells/util/Python/keras/callbacks/callbacks
1400e7b3,/Users/neda/Desktop/workspace/BadSmells/util/Python/keras/callbacks/callbacks@04181419@Sat Jan 12 16:06:02 2019 +0200.py,LambdaCallback,2,0,False,178,179,185,/Users/neda/Desktop/workspace/BadSmells/util/Python/keras/callbacks/callbacks
1400e7b3,/Users/neda/Desktop/workspace/BadSmells/util/Python/keras/callbacks/callbacks@1400e7b3@Mon Jan 21 22:37:05 2019 +0100.py,CallbackList,1,0,False,179,179,185,/Users/neda/Desktop/workspace/BadSmells/util/Python/keras/callbacks/callbacks
1400e7b3,/Users/neda/Desktop/workspace/BadSmells/util/Python/keras/callbacks/callbacks@1400e7b3@Mon Jan 21 22:37:05 2019 +0100.py,Callback,1,13,True,179,179,185,/Users/neda/Desktop/workspace/BadSmells/util/Python/keras/callbacks/callbacks
1400e7b3,/Users/neda/Desktop/workspace/BadSmells/util/Python/keras/callbacks/callbacks@1400e7b3@Mon Jan 21 22:37:05 2019 +0100.py,BaseLogger,2,0,False,179,179,185,/Users/neda/Desktop/workspace/BadSmells/util/Python/keras/callbacks/callbacks
1400e7b3,/Users/neda/Desktop/workspace/BadSmells/util/Python/keras/callbacks/callbacks@1400e7b3@Mon Jan 21 22:37:05 2019 +0100.py,TerminateOnNaN,2,0,False,179,179,185,/Users/neda/Desktop/workspace/BadSmells/util/Python/keras/callbacks/callbacks
1400e7b3,/Users/neda/Desktop/workspace/BadSmells/util/Python/keras/callbacks/callbacks@1400e7b3@Mon Jan 21 22:37:05 2019 +0100.py,ProgbarLogger,2,0,False,179,179,185,/Users/neda/Desktop/workspace/BadSmells/util/Python/keras/callbacks/callbacks
1400e7b3,/Users/neda/Desktop/workspace/BadSmells/util/Python/keras/callbacks/callbacks@1400e7b3@Mon Jan 21 22:37:05 2019 +0100.py,History,2,0,False,179,179,185,/Users/neda/Desktop/workspace/BadSmells/util/Python/keras/callbacks/callbacks
1400e7b3,/Users/neda/Desktop/workspace/BadSmells/util/Python/keras/callbacks/callbacks@1400e7b3@Mon Jan 21 22:37:05 2019 +0100.py,ModelCheckpoint,2,0,False,179,179,185,/Users/neda/Desktop/workspace/BadSmells/util/Python/keras/callbacks/callbacks
1400e7b3,/Users/neda/Desktop/workspace/BadSmells/util/Python/keras/callbacks/callbacks@1400e7b3@Mon Jan 21 22:37:05 2019 +0100.py,EarlyStopping,2,0,False,179,179,185,/Users/neda/Desktop/workspace/BadSmells/util/Python/keras/callbacks/callbacks
1400e7b3,/Users/neda/Desktop/workspace/BadSmells/util/Python/keras/callbacks/callbacks@1400e7b3@Mon Jan 21 22:37:05 2019 +0100.py,RemoteMonitor,2,0,False,179,179,185,/Users/neda/Desktop/workspace/BadSmells/util/Python/keras/callbacks/callbacks
1400e7b3,/Users/neda/Desktop/workspace/BadSmells/util/Python/keras/callbacks/callbacks@1400e7b3@Mon Jan 21 22:37:05 2019 +0100.py,LearningRateScheduler,2,0,False,179,179,185,/Users/neda/Desktop/workspace/BadSmells/util/Python/keras/callbacks/callbacks
1400e7b3,/Users/neda/Desktop/workspace/BadSmells/util/Python/keras/callbacks/callbacks@1400e7b3@Mon Jan 21 22:37:05 2019 +0100.py,TensorBoard,2,0,False,179,179,185,/Users/neda/Desktop/workspace/BadSmells/util/Python/keras/callbacks/callbacks
1400e7b3,/Users/neda/Desktop/workspace/BadSmells/util/Python/keras/callbacks/callbacks@1400e7b3@Mon Jan 21 22:37:05 2019 +0100.py,ReduceLROnPlateau,2,0,False,179,179,185,/Users/neda/Desktop/workspace/BadSmells/util/Python/keras/callbacks/callbacks
1400e7b3,/Users/neda/Desktop/workspace/BadSmells/util/Python/keras/callbacks/callbacks@1400e7b3@Mon Jan 21 22:37:05 2019 +0100.py,CSVLogger,2,0,False,179,179,185,/Users/neda/Desktop/workspace/BadSmells/util/Python/keras/callbacks/callbacks
1400e7b3,/Users/neda/Desktop/workspace/BadSmells/util/Python/keras/callbacks/callbacks@1400e7b3@Mon Jan 21 22:37:05 2019 +0100.py,CustomDialect,3,0,False,179,179,185,/Users/neda/Desktop/workspace/BadSmells/util/Python/keras/callbacks/callbacks
1400e7b3,/Users/neda/Desktop/workspace/BadSmells/util/Python/keras/callbacks/callbacks@1400e7b3@Mon Jan 21 22:37:05 2019 +0100.py,LambdaCallback,2,0,False,179,179,185,/Users/neda/Desktop/workspace/BadSmells/util/Python/keras/callbacks/callbacks
2766074d,/Users/neda/Desktop/workspace/BadSmells/util/Python/keras/convolutional_recurrent/convolutional_recurrent@8830c531@Tue Apr 18 11:34:24 2017 -0700.py,ConvRecurrent2D,4,1,True,25,27,54,/Users/neda/Desktop/workspace/BadSmells/util/Python/keras/convolutional_recurrent/convolutional_recurrent
2766074d,/Users/neda/Desktop/workspace/BadSmells/util/Python/keras/convolutional_recurrent/convolutional_recurrent@8830c531@Tue Apr 18 11:34:24 2017 -0700.py,ConvLSTM2D,5,0,True,25,27,54,/Users/neda/Desktop/workspace/BadSmells/util/Python/keras/convolutional_recurrent/convolutional_recurrent
2766074d,/Users/neda/Desktop/workspace/BadSmells/util/Python/keras/convolutional_recurrent/convolutional_recurrent@365f621b@Mon Apr 24 23:20:04 2017 -0400.py,ConvRecurrent2D,4,1,True,26,27,54,/Users/neda/Desktop/workspace/BadSmells/util/Python/keras/convolutional_recurrent/convolutional_recurrent
2766074d,/Users/neda/Desktop/workspace/BadSmells/util/Python/keras/convolutional_recurrent/convolutional_recurrent@365f621b@Mon Apr 24 23:20:04 2017 -0400.py,ConvLSTM2D,5,0,True,26,27,54,/Users/neda/Desktop/workspace/BadSmells/util/Python/keras/convolutional_recurrent/convolutional_recurrent
2766074d,/Users/neda/Desktop/workspace/BadSmells/util/Python/keras/convolutional_recurrent/convolutional_recurrent@2766074d@Wed May 10 06:02:37 2017 +0530.py,ConvRecurrent2D,4,1,True,27,27,54,/Users/neda/Desktop/workspace/BadSmells/util/Python/keras/convolutional_recurrent/convolutional_recurrent
2766074d,/Users/neda/Desktop/workspace/BadSmells/util/Python/keras/convolutional_recurrent/convolutional_recurrent@2766074d@Wed May 10 06:02:37 2017 +0530.py,ConvLSTM2D,5,0,True,27,27,54,/Users/neda/Desktop/workspace/BadSmells/util/Python/keras/convolutional_recurrent/convolutional_recurrent
49386e8d,/Users/neda/Desktop/workspace/BadSmells/util/Python/keras/tensorflow_backend/tensorflow_backend@32be7311@Tue Nov 1 16:52:25 2016 -0700.py,Function,1,0,False,141,143,428,/Users/neda/Desktop/workspace/BadSmells/util/Python/keras/tensorflow_backend/tensorflow_backend
49386e8d,/Users/neda/Desktop/workspace/BadSmells/util/Python/keras/tensorflow_backend/tensorflow_backend@a9b6bef0@Wed Nov 2 11:51:29 2016 -0700.py,Function,1,0,False,142,143,428,/Users/neda/Desktop/workspace/BadSmells/util/Python/keras/tensorflow_backend/tensorflow_backend
49386e8d,/Users/neda/Desktop/workspace/BadSmells/util/Python/keras/tensorflow_backend/tensorflow_backend@49386e8d@Thu Nov 3 15:04:40 2016 -0200.py,Function,1,0,False,143,143,428,/Users/neda/Desktop/workspace/BadSmells/util/Python/keras/tensorflow_backend/tensorflow_backend
f59736a0,/Users/neda/Desktop/workspace/BadSmells/util/Python/keras/recurrent/recurrent@796f895f@Sat Jul 16 11:19:41 2016 -0700.py,Recurrent,2,3,False,110,112,226,/Users/neda/Desktop/workspace/BadSmells/util/Python/keras/recurrent/recurrent
f59736a0,/Users/neda/Desktop/workspace/BadSmells/util/Python/keras/recurrent/recurrent@796f895f@Sat Jul 16 11:19:41 2016 -0700.py,SimpleRNN,3,0,False,110,112,226,/Users/neda/Desktop/workspace/BadSmells/util/Python/keras/recurrent/recurrent
f59736a0,/Users/neda/Desktop/workspace/BadSmells/util/Python/keras/recurrent/recurrent@796f895f@Sat Jul 16 11:19:41 2016 -0700.py,GRU,3,0,False,110,112,226,/Users/neda/Desktop/workspace/BadSmells/util/Python/keras/recurrent/recurrent
f59736a0,/Users/neda/Desktop/workspace/BadSmells/util/Python/keras/recurrent/recurrent@796f895f@Sat Jul 16 11:19:41 2016 -0700.py,LSTM,3,0,False,110,112,226,/Users/neda/Desktop/workspace/BadSmells/util/Python/keras/recurrent/recurrent
f59736a0,/Users/neda/Desktop/workspace/BadSmells/util/Python/keras/recurrent/recurrent@cef9e28a@Mon Aug 1 20:21:42 2016 -0700.py,Recurrent,2,3,False,111,112,226,/Users/neda/Desktop/workspace/BadSmells/util/Python/keras/recurrent/recurrent
f59736a0,/Users/neda/Desktop/workspace/BadSmells/util/Python/keras/recurrent/recurrent@cef9e28a@Mon Aug 1 20:21:42 2016 -0700.py,SimpleRNN,3,0,False,111,112,226,/Users/neda/Desktop/workspace/BadSmells/util/Python/keras/recurrent/recurrent
f59736a0,/Users/neda/Desktop/workspace/BadSmells/util/Python/keras/recurrent/recurrent@cef9e28a@Mon Aug 1 20:21:42 2016 -0700.py,GRU,3,0,False,111,112,226,/Users/neda/Desktop/workspace/BadSmells/util/Python/keras/recurrent/recurrent
f59736a0,/Users/neda/Desktop/workspace/BadSmells/util/Python/keras/recurrent/recurrent@cef9e28a@Mon Aug 1 20:21:42 2016 -0700.py,LSTM,3,0,False,111,112,226,/Users/neda/Desktop/workspace/BadSmells/util/Python/keras/recurrent/recurrent
f59736a0,/Users/neda/Desktop/workspace/BadSmells/util/Python/keras/recurrent/recurrent@f59736a0@Wed Aug 24 05:33:17 2016 +0530.py,Recurrent,2,3,False,112,112,226,/Users/neda/Desktop/workspace/BadSmells/util/Python/keras/recurrent/recurrent
f59736a0,/Users/neda/Desktop/workspace/BadSmells/util/Python/keras/recurrent/recurrent@f59736a0@Wed Aug 24 05:33:17 2016 +0530.py,SimpleRNN,3,0,False,112,112,226,/Users/neda/Desktop/workspace/BadSmells/util/Python/keras/recurrent/recurrent
f59736a0,/Users/neda/Desktop/workspace/BadSmells/util/Python/keras/recurrent/recurrent@f59736a0@Wed Aug 24 05:33:17 2016 +0530.py,GRU,3,0,False,112,112,226,/Users/neda/Desktop/workspace/BadSmells/util/Python/keras/recurrent/recurrent
f59736a0,/Users/neda/Desktop/workspace/BadSmells/util/Python/keras/recurrent/recurrent@f59736a0@Wed Aug 24 05:33:17 2016 +0530.py,LSTM,3,0,False,112,112,226,/Users/neda/Desktop/workspace/BadSmells/util/Python/keras/recurrent/recurrent
55447cbb,/Users/neda/Desktop/workspace/BadSmells/util/Python/keras/theano_backend/theano_backend@984ad34a@Fri Aug 5 02:46:36 2016 +0530.py,Function,1,0,False,99,101,286,/Users/neda/Desktop/workspace/BadSmells/util/Python/keras/theano_backend/theano_backend
55447cbb,/Users/neda/Desktop/workspace/BadSmells/util/Python/keras/theano_backend/theano_backend@0af7e004@Mon Aug 8 12:28:35 2016 -0700.py,Function,1,0,False,100,101,286,/Users/neda/Desktop/workspace/BadSmells/util/Python/keras/theano_backend/theano_backend
55447cbb,/Users/neda/Desktop/workspace/BadSmells/util/Python/keras/theano_backend/theano_backend@55447cbb@Wed Aug 10 02:29:47 2016 +0530.py,Function,1,0,False,101,101,286,/Users/neda/Desktop/workspace/BadSmells/util/Python/keras/theano_backend/theano_backend
cee4f72a,/Users/neda/Desktop/workspace/BadSmells/util/Python/keras/core/core@4aa713b1@Sat Dec 5 16:57:28 2015 -0500.py,Layer,1,27,True,177,179,366,/Users/neda/Desktop/workspace/BadSmells/util/Python/keras/core/core
cee4f72a,/Users/neda/Desktop/workspace/BadSmells/util/Python/keras/core/core@4aa713b1@Sat Dec 5 16:57:28 2015 -0500.py,MaskedLayer,2,14,True,177,179,366,/Users/neda/Desktop/workspace/BadSmells/util/Python/keras/core/core
cee4f72a,/Users/neda/Desktop/workspace/BadSmells/util/Python/keras/core/core@4aa713b1@Sat Dec 5 16:57:28 2015 -0500.py,Masking,3,0,False,177,179,366,/Users/neda/Desktop/workspace/BadSmells/util/Python/keras/core/core
cee4f72a,/Users/neda/Desktop/workspace/BadSmells/util/Python/keras/core/core@4aa713b1@Sat Dec 5 16:57:28 2015 -0500.py,TimeDistributedMerge,2,0,False,177,179,366,/Users/neda/Desktop/workspace/BadSmells/util/Python/keras/core/core
cee4f72a,/Users/neda/Desktop/workspace/BadSmells/util/Python/keras/core/core@4aa713b1@Sat Dec 5 16:57:28 2015 -0500.py,Merge,2,0,False,177,179,366,/Users/neda/Desktop/workspace/BadSmells/util/Python/keras/core/core
cee4f72a,/Users/neda/Desktop/workspace/BadSmells/util/Python/keras/core/core@4aa713b1@Sat Dec 5 16:57:28 2015 -0500.py,Dropout,3,0,False,177,179,366,/Users/neda/Desktop/workspace/BadSmells/util/Python/keras/core/core
cee4f72a,/Users/neda/Desktop/workspace/BadSmells/util/Python/keras/core/core@4aa713b1@Sat Dec 5 16:57:28 2015 -0500.py,Activation,3,0,False,177,179,366,/Users/neda/Desktop/workspace/BadSmells/util/Python/keras/core/core
cee4f72a,/Users/neda/Desktop/workspace/BadSmells/util/Python/keras/core/core@4aa713b1@Sat Dec 5 16:57:28 2015 -0500.py,Reshape,2,0,False,177,179,366,/Users/neda/Desktop/workspace/BadSmells/util/Python/keras/core/core
cee4f72a,/Users/neda/Desktop/workspace/BadSmells/util/Python/keras/core/core@4aa713b1@Sat Dec 5 16:57:28 2015 -0500.py,Permute,2,0,False,177,179,366,/Users/neda/Desktop/workspace/BadSmells/util/Python/keras/core/core
cee4f72a,/Users/neda/Desktop/workspace/BadSmells/util/Python/keras/core/core@4aa713b1@Sat Dec 5 16:57:28 2015 -0500.py,Flatten,2,0,False,177,179,366,/Users/neda/Desktop/workspace/BadSmells/util/Python/keras/core/core
cee4f72a,/Users/neda/Desktop/workspace/BadSmells/util/Python/keras/core/core@4aa713b1@Sat Dec 5 16:57:28 2015 -0500.py,RepeatVector,2,0,False,177,179,366,/Users/neda/Desktop/workspace/BadSmells/util/Python/keras/core/core
cee4f72a,/Users/neda/Desktop/workspace/BadSmells/util/Python/keras/core/core@4aa713b1@Sat Dec 5 16:57:28 2015 -0500.py,Dense,2,0,False,177,179,366,/Users/neda/Desktop/workspace/BadSmells/util/Python/keras/core/core
cee4f72a,/Users/neda/Desktop/workspace/BadSmells/util/Python/keras/core/core@4aa713b1@Sat Dec 5 16:57:28 2015 -0500.py,ActivityRegularization,2,0,False,177,179,366,/Users/neda/Desktop/workspace/BadSmells/util/Python/keras/core/core
cee4f72a,/Users/neda/Desktop/workspace/BadSmells/util/Python/keras/core/core@4aa713b1@Sat Dec 5 16:57:28 2015 -0500.py,TimeDistributedDense,3,0,False,177,179,366,/Users/neda/Desktop/workspace/BadSmells/util/Python/keras/core/core
cee4f72a,/Users/neda/Desktop/workspace/BadSmells/util/Python/keras/core/core@4aa713b1@Sat Dec 5 16:57:28 2015 -0500.py,AutoEncoder,2,0,False,177,179,366,/Users/neda/Desktop/workspace/BadSmells/util/Python/keras/core/core
cee4f72a,/Users/neda/Desktop/workspace/BadSmells/util/Python/keras/core/core@4aa713b1@Sat Dec 5 16:57:28 2015 -0500.py,MaxoutDense,2,0,False,177,179,366,/Users/neda/Desktop/workspace/BadSmells/util/Python/keras/core/core
cee4f72a,/Users/neda/Desktop/workspace/BadSmells/util/Python/keras/core/core@4aa713b1@Sat Dec 5 16:57:28 2015 -0500.py,Lambda,2,1,False,177,179,366,/Users/neda/Desktop/workspace/BadSmells/util/Python/keras/core/core
cee4f72a,/Users/neda/Desktop/workspace/BadSmells/util/Python/keras/core/core@4aa713b1@Sat Dec 5 16:57:28 2015 -0500.py,MaskedLambda,3,0,False,177,179,366,/Users/neda/Desktop/workspace/BadSmells/util/Python/keras/core/core
cee4f72a,/Users/neda/Desktop/workspace/BadSmells/util/Python/keras/core/core@4aa713b1@Sat Dec 5 16:57:28 2015 -0500.py,LambdaMerge,3,0,False,177,179,366,/Users/neda/Desktop/workspace/BadSmells/util/Python/keras/core/core
cee4f72a,/Users/neda/Desktop/workspace/BadSmells/util/Python/keras/core/core@4aa713b1@Sat Dec 5 16:57:28 2015 -0500.py,Siamese,2,0,False,177,179,366,/Users/neda/Desktop/workspace/BadSmells/util/Python/keras/core/core
cee4f72a,/Users/neda/Desktop/workspace/BadSmells/util/Python/keras/core/core@4aa713b1@Sat Dec 5 16:57:28 2015 -0500.py,SiameseHead,2,0,False,177,179,366,/Users/neda/Desktop/workspace/BadSmells/util/Python/keras/core/core
cee4f72a,/Users/neda/Desktop/workspace/BadSmells/util/Python/keras/core/core@de2884af@Tue Dec 8 15:23:02 2015 +0530.py,Layer,1,27,True,178,179,366,/Users/neda/Desktop/workspace/BadSmells/util/Python/keras/core/core
cee4f72a,/Users/neda/Desktop/workspace/BadSmells/util/Python/keras/core/core@de2884af@Tue Dec 8 15:23:02 2015 +0530.py,MaskedLayer,2,14,True,178,179,366,/Users/neda/Desktop/workspace/BadSmells/util/Python/keras/core/core
cee4f72a,/Users/neda/Desktop/workspace/BadSmells/util/Python/keras/core/core@de2884af@Tue Dec 8 15:23:02 2015 +0530.py,Masking,3,0,False,178,179,366,/Users/neda/Desktop/workspace/BadSmells/util/Python/keras/core/core
cee4f72a,/Users/neda/Desktop/workspace/BadSmells/util/Python/keras/core/core@de2884af@Tue Dec 8 15:23:02 2015 +0530.py,TimeDistributedMerge,2,0,False,178,179,366,/Users/neda/Desktop/workspace/BadSmells/util/Python/keras/core/core
cee4f72a,/Users/neda/Desktop/workspace/BadSmells/util/Python/keras/core/core@de2884af@Tue Dec 8 15:23:02 2015 +0530.py,Merge,2,0,False,178,179,366,/Users/neda/Desktop/workspace/BadSmells/util/Python/keras/core/core
cee4f72a,/Users/neda/Desktop/workspace/BadSmells/util/Python/keras/core/core@de2884af@Tue Dec 8 15:23:02 2015 +0530.py,Dropout,3,0,False,178,179,366,/Users/neda/Desktop/workspace/BadSmells/util/Python/keras/core/core
cee4f72a,/Users/neda/Desktop/workspace/BadSmells/util/Python/keras/core/core@de2884af@Tue Dec 8 15:23:02 2015 +0530.py,Activation,3,0,False,178,179,366,/Users/neda/Desktop/workspace/BadSmells/util/Python/keras/core/core
cee4f72a,/Users/neda/Desktop/workspace/BadSmells/util/Python/keras/core/core@de2884af@Tue Dec 8 15:23:02 2015 +0530.py,Reshape,2,0,False,178,179,366,/Users/neda/Desktop/workspace/BadSmells/util/Python/keras/core/core
cee4f72a,/Users/neda/Desktop/workspace/BadSmells/util/Python/keras/core/core@de2884af@Tue Dec 8 15:23:02 2015 +0530.py,Permute,2,0,False,178,179,366,/Users/neda/Desktop/workspace/BadSmells/util/Python/keras/core/core
cee4f72a,/Users/neda/Desktop/workspace/BadSmells/util/Python/keras/core/core@de2884af@Tue Dec 8 15:23:02 2015 +0530.py,Flatten,2,0,False,178,179,366,/Users/neda/Desktop/workspace/BadSmells/util/Python/keras/core/core
cee4f72a,/Users/neda/Desktop/workspace/BadSmells/util/Python/keras/core/core@de2884af@Tue Dec 8 15:23:02 2015 +0530.py,RepeatVector,2,0,False,178,179,366,/Users/neda/Desktop/workspace/BadSmells/util/Python/keras/core/core
cee4f72a,/Users/neda/Desktop/workspace/BadSmells/util/Python/keras/core/core@de2884af@Tue Dec 8 15:23:02 2015 +0530.py,Dense,2,0,False,178,179,366,/Users/neda/Desktop/workspace/BadSmells/util/Python/keras/core/core
cee4f72a,/Users/neda/Desktop/workspace/BadSmells/util/Python/keras/core/core@de2884af@Tue Dec 8 15:23:02 2015 +0530.py,ActivityRegularization,2,0,False,178,179,366,/Users/neda/Desktop/workspace/BadSmells/util/Python/keras/core/core
cee4f72a,/Users/neda/Desktop/workspace/BadSmells/util/Python/keras/core/core@de2884af@Tue Dec 8 15:23:02 2015 +0530.py,TimeDistributedDense,3,0,False,178,179,366,/Users/neda/Desktop/workspace/BadSmells/util/Python/keras/core/core
cee4f72a,/Users/neda/Desktop/workspace/BadSmells/util/Python/keras/core/core@de2884af@Tue Dec 8 15:23:02 2015 +0530.py,AutoEncoder,2,0,False,178,179,366,/Users/neda/Desktop/workspace/BadSmells/util/Python/keras/core/core
cee4f72a,/Users/neda/Desktop/workspace/BadSmells/util/Python/keras/core/core@de2884af@Tue Dec 8 15:23:02 2015 +0530.py,MaxoutDense,2,0,False,178,179,366,/Users/neda/Desktop/workspace/BadSmells/util/Python/keras/core/core
cee4f72a,/Users/neda/Desktop/workspace/BadSmells/util/Python/keras/core/core@de2884af@Tue Dec 8 15:23:02 2015 +0530.py,Lambda,2,1,False,178,179,366,/Users/neda/Desktop/workspace/BadSmells/util/Python/keras/core/core
cee4f72a,/Users/neda/Desktop/workspace/BadSmells/util/Python/keras/core/core@de2884af@Tue Dec 8 15:23:02 2015 +0530.py,MaskedLambda,3,0,False,178,179,366,/Users/neda/Desktop/workspace/BadSmells/util/Python/keras/core/core
cee4f72a,/Users/neda/Desktop/workspace/BadSmells/util/Python/keras/core/core@de2884af@Tue Dec 8 15:23:02 2015 +0530.py,LambdaMerge,3,0,False,178,179,366,/Users/neda/Desktop/workspace/BadSmells/util/Python/keras/core/core
cee4f72a,/Users/neda/Desktop/workspace/BadSmells/util/Python/keras/core/core@de2884af@Tue Dec 8 15:23:02 2015 +0530.py,Siamese,2,0,False,178,179,366,/Users/neda/Desktop/workspace/BadSmells/util/Python/keras/core/core
cee4f72a,/Users/neda/Desktop/workspace/BadSmells/util/Python/keras/core/core@de2884af@Tue Dec 8 15:23:02 2015 +0530.py,SiameseHead,2,0,False,178,179,366,/Users/neda/Desktop/workspace/BadSmells/util/Python/keras/core/core
cee4f72a,/Users/neda/Desktop/workspace/BadSmells/util/Python/keras/core/core@cee4f72a@Tue Dec 8 23:11:12 2015 +0530.py,Layer,1,27,True,179,179,366,/Users/neda/Desktop/workspace/BadSmells/util/Python/keras/core/core
cee4f72a,/Users/neda/Desktop/workspace/BadSmells/util/Python/keras/core/core@cee4f72a@Tue Dec 8 23:11:12 2015 +0530.py,MaskedLayer,2,14,True,179,179,366,/Users/neda/Desktop/workspace/BadSmells/util/Python/keras/core/core
cee4f72a,/Users/neda/Desktop/workspace/BadSmells/util/Python/keras/core/core@cee4f72a@Tue Dec 8 23:11:12 2015 +0530.py,Masking,3,0,False,179,179,366,/Users/neda/Desktop/workspace/BadSmells/util/Python/keras/core/core
cee4f72a,/Users/neda/Desktop/workspace/BadSmells/util/Python/keras/core/core@cee4f72a@Tue Dec 8 23:11:12 2015 +0530.py,TimeDistributedMerge,2,0,False,179,179,366,/Users/neda/Desktop/workspace/BadSmells/util/Python/keras/core/core
cee4f72a,/Users/neda/Desktop/workspace/BadSmells/util/Python/keras/core/core@cee4f72a@Tue Dec 8 23:11:12 2015 +0530.py,Merge,2,0,False,179,179,366,/Users/neda/Desktop/workspace/BadSmells/util/Python/keras/core/core
cee4f72a,/Users/neda/Desktop/workspace/BadSmells/util/Python/keras/core/core@cee4f72a@Tue Dec 8 23:11:12 2015 +0530.py,Dropout,3,0,False,179,179,366,/Users/neda/Desktop/workspace/BadSmells/util/Python/keras/core/core
cee4f72a,/Users/neda/Desktop/workspace/BadSmells/util/Python/keras/core/core@cee4f72a@Tue Dec 8 23:11:12 2015 +0530.py,Activation,3,0,False,179,179,366,/Users/neda/Desktop/workspace/BadSmells/util/Python/keras/core/core
cee4f72a,/Users/neda/Desktop/workspace/BadSmells/util/Python/keras/core/core@cee4f72a@Tue Dec 8 23:11:12 2015 +0530.py,Reshape,2,0,False,179,179,366,/Users/neda/Desktop/workspace/BadSmells/util/Python/keras/core/core
cee4f72a,/Users/neda/Desktop/workspace/BadSmells/util/Python/keras/core/core@cee4f72a@Tue Dec 8 23:11:12 2015 +0530.py,Permute,2,0,False,179,179,366,/Users/neda/Desktop/workspace/BadSmells/util/Python/keras/core/core
cee4f72a,/Users/neda/Desktop/workspace/BadSmells/util/Python/keras/core/core@cee4f72a@Tue Dec 8 23:11:12 2015 +0530.py,Flatten,2,0,False,179,179,366,/Users/neda/Desktop/workspace/BadSmells/util/Python/keras/core/core
cee4f72a,/Users/neda/Desktop/workspace/BadSmells/util/Python/keras/core/core@cee4f72a@Tue Dec 8 23:11:12 2015 +0530.py,RepeatVector,2,0,False,179,179,366,/Users/neda/Desktop/workspace/BadSmells/util/Python/keras/core/core
cee4f72a,/Users/neda/Desktop/workspace/BadSmells/util/Python/keras/core/core@cee4f72a@Tue Dec 8 23:11:12 2015 +0530.py,Dense,2,0,False,179,179,366,/Users/neda/Desktop/workspace/BadSmells/util/Python/keras/core/core
cee4f72a,/Users/neda/Desktop/workspace/BadSmells/util/Python/keras/core/core@cee4f72a@Tue Dec 8 23:11:12 2015 +0530.py,ActivityRegularization,2,0,False,179,179,366,/Users/neda/Desktop/workspace/BadSmells/util/Python/keras/core/core
cee4f72a,/Users/neda/Desktop/workspace/BadSmells/util/Python/keras/core/core@cee4f72a@Tue Dec 8 23:11:12 2015 +0530.py,TimeDistributedDense,3,0,False,179,179,366,/Users/neda/Desktop/workspace/BadSmells/util/Python/keras/core/core
cee4f72a,/Users/neda/Desktop/workspace/BadSmells/util/Python/keras/core/core@cee4f72a@Tue Dec 8 23:11:12 2015 +0530.py,AutoEncoder,2,0,False,179,179,366,/Users/neda/Desktop/workspace/BadSmells/util/Python/keras/core/core
cee4f72a,/Users/neda/Desktop/workspace/BadSmells/util/Python/keras/core/core@cee4f72a@Tue Dec 8 23:11:12 2015 +0530.py,MaxoutDense,2,0,False,179,179,366,/Users/neda/Desktop/workspace/BadSmells/util/Python/keras/core/core
cee4f72a,/Users/neda/Desktop/workspace/BadSmells/util/Python/keras/core/core@cee4f72a@Tue Dec 8 23:11:12 2015 +0530.py,Lambda,2,1,False,179,179,366,/Users/neda/Desktop/workspace/BadSmells/util/Python/keras/core/core
cee4f72a,/Users/neda/Desktop/workspace/BadSmells/util/Python/keras/core/core@cee4f72a@Tue Dec 8 23:11:12 2015 +0530.py,MaskedLambda,3,0,False,179,179,366,/Users/neda/Desktop/workspace/BadSmells/util/Python/keras/core/core
cee4f72a,/Users/neda/Desktop/workspace/BadSmells/util/Python/keras/core/core@cee4f72a@Tue Dec 8 23:11:12 2015 +0530.py,LambdaMerge,3,0,False,179,179,366,/Users/neda/Desktop/workspace/BadSmells/util/Python/keras/core/core
cee4f72a,/Users/neda/Desktop/workspace/BadSmells/util/Python/keras/core/core@cee4f72a@Tue Dec 8 23:11:12 2015 +0530.py,Siamese,2,0,False,179,179,366,/Users/neda/Desktop/workspace/BadSmells/util/Python/keras/core/core
cee4f72a,/Users/neda/Desktop/workspace/BadSmells/util/Python/keras/core/core@cee4f72a@Tue Dec 8 23:11:12 2015 +0530.py,SiameseHead,2,0,False,179,179,366,/Users/neda/Desktop/workspace/BadSmells/util/Python/keras/core/core
839d3dd0,/Users/neda/Desktop/workspace/BadSmells/util/Python/keras/topology/topology@5c5c1b58@Wed Feb 28 19:31:31 2018 -0500.py,InputSpec,1,0,False,209,211,216,/Users/neda/Desktop/workspace/BadSmells/util/Python/keras/topology/topology
839d3dd0,/Users/neda/Desktop/workspace/BadSmells/util/Python/keras/topology/topology@5c5c1b58@Wed Feb 28 19:31:31 2018 -0500.py,Node,1,0,False,209,211,216,/Users/neda/Desktop/workspace/BadSmells/util/Python/keras/topology/topology
839d3dd0,/Users/neda/Desktop/workspace/BadSmells/util/Python/keras/topology/topology@5c5c1b58@Wed Feb 28 19:31:31 2018 -0500.py,Layer,3,54,True,209,211,216,/Users/neda/Desktop/workspace/BadSmells/util/Python/keras/topology/topology
839d3dd0,/Users/neda/Desktop/workspace/BadSmells/util/Python/keras/topology/topology@5c5c1b58@Wed Feb 28 19:31:31 2018 -0500.py,InputLayer,4,0,True,209,211,216,/Users/neda/Desktop/workspace/BadSmells/util/Python/keras/topology/topology
839d3dd0,/Users/neda/Desktop/workspace/BadSmells/util/Python/keras/topology/topology@5c5c1b58@Wed Feb 28 19:31:31 2018 -0500.py,Container,4,1,True,209,211,216,/Users/neda/Desktop/workspace/BadSmells/util/Python/keras/topology/topology
839d3dd0,/Users/neda/Desktop/workspace/BadSmells/util/Python/keras/topology/topology@41ed3253@Wed Feb 28 17:21:24 2018 -0800.py,InputSpec,1,0,False,210,211,216,/Users/neda/Desktop/workspace/BadSmells/util/Python/keras/topology/topology
839d3dd0,/Users/neda/Desktop/workspace/BadSmells/util/Python/keras/topology/topology@41ed3253@Wed Feb 28 17:21:24 2018 -0800.py,Node,1,0,False,210,211,216,/Users/neda/Desktop/workspace/BadSmells/util/Python/keras/topology/topology
839d3dd0,/Users/neda/Desktop/workspace/BadSmells/util/Python/keras/topology/topology@41ed3253@Wed Feb 28 17:21:24 2018 -0800.py,Layer,3,54,True,210,211,216,/Users/neda/Desktop/workspace/BadSmells/util/Python/keras/topology/topology
839d3dd0,/Users/neda/Desktop/workspace/BadSmells/util/Python/keras/topology/topology@41ed3253@Wed Feb 28 17:21:24 2018 -0800.py,InputLayer,4,0,True,210,211,216,/Users/neda/Desktop/workspace/BadSmells/util/Python/keras/topology/topology
839d3dd0,/Users/neda/Desktop/workspace/BadSmells/util/Python/keras/topology/topology@41ed3253@Wed Feb 28 17:21:24 2018 -0800.py,Container,4,1,True,210,211,216,/Users/neda/Desktop/workspace/BadSmells/util/Python/keras/topology/topology
839d3dd0,/Users/neda/Desktop/workspace/BadSmells/util/Python/keras/topology/topology@839d3dd0@Fri Mar 9 06:52:33 2018 +0530.py,InputSpec,1,0,False,211,211,216,/Users/neda/Desktop/workspace/BadSmells/util/Python/keras/topology/topology
839d3dd0,/Users/neda/Desktop/workspace/BadSmells/util/Python/keras/topology/topology@839d3dd0@Fri Mar 9 06:52:33 2018 +0530.py,Node,1,0,False,211,211,216,/Users/neda/Desktop/workspace/BadSmells/util/Python/keras/topology/topology
839d3dd0,/Users/neda/Desktop/workspace/BadSmells/util/Python/keras/topology/topology@839d3dd0@Fri Mar 9 06:52:33 2018 +0530.py,Layer,3,54,True,211,211,216,/Users/neda/Desktop/workspace/BadSmells/util/Python/keras/topology/topology
839d3dd0,/Users/neda/Desktop/workspace/BadSmells/util/Python/keras/topology/topology@839d3dd0@Fri Mar 9 06:52:33 2018 +0530.py,InputLayer,4,0,True,211,211,216,/Users/neda/Desktop/workspace/BadSmells/util/Python/keras/topology/topology
839d3dd0,/Users/neda/Desktop/workspace/BadSmells/util/Python/keras/topology/topology@839d3dd0@Fri Mar 9 06:52:33 2018 +0530.py,Container,4,1,True,211,211,216,/Users/neda/Desktop/workspace/BadSmells/util/Python/keras/topology/topology
04ea01f3,/Users/neda/Desktop/workspace/BadSmells/util/Python/keras/recurrent/recurrent@e916f748@Wed Nov 9 20:33:42 2016 -0800.py,Recurrent,2,3,False,118,120,226,/Users/neda/Desktop/workspace/BadSmells/util/Python/keras/recurrent/recurrent
04ea01f3,/Users/neda/Desktop/workspace/BadSmells/util/Python/keras/recurrent/recurrent@e916f748@Wed Nov 9 20:33:42 2016 -0800.py,SimpleRNN,3,0,False,118,120,226,/Users/neda/Desktop/workspace/BadSmells/util/Python/keras/recurrent/recurrent
04ea01f3,/Users/neda/Desktop/workspace/BadSmells/util/Python/keras/recurrent/recurrent@e916f748@Wed Nov 9 20:33:42 2016 -0800.py,GRU,3,0,False,118,120,226,/Users/neda/Desktop/workspace/BadSmells/util/Python/keras/recurrent/recurrent
04ea01f3,/Users/neda/Desktop/workspace/BadSmells/util/Python/keras/recurrent/recurrent@e916f748@Wed Nov 9 20:33:42 2016 -0800.py,LSTM,3,0,False,118,120,226,/Users/neda/Desktop/workspace/BadSmells/util/Python/keras/recurrent/recurrent
04ea01f3,/Users/neda/Desktop/workspace/BadSmells/util/Python/keras/recurrent/recurrent@c4c4fac1@Tue Nov 15 05:16:40 2016 -0800.py,Recurrent,2,3,False,119,120,226,/Users/neda/Desktop/workspace/BadSmells/util/Python/keras/recurrent/recurrent
04ea01f3,/Users/neda/Desktop/workspace/BadSmells/util/Python/keras/recurrent/recurrent@c4c4fac1@Tue Nov 15 05:16:40 2016 -0800.py,SimpleRNN,3,0,False,119,120,226,/Users/neda/Desktop/workspace/BadSmells/util/Python/keras/recurrent/recurrent
04ea01f3,/Users/neda/Desktop/workspace/BadSmells/util/Python/keras/recurrent/recurrent@c4c4fac1@Tue Nov 15 05:16:40 2016 -0800.py,GRU,3,0,False,119,120,226,/Users/neda/Desktop/workspace/BadSmells/util/Python/keras/recurrent/recurrent
04ea01f3,/Users/neda/Desktop/workspace/BadSmells/util/Python/keras/recurrent/recurrent@c4c4fac1@Tue Nov 15 05:16:40 2016 -0800.py,LSTM,3,0,False,119,120,226,/Users/neda/Desktop/workspace/BadSmells/util/Python/keras/recurrent/recurrent
04ea01f3,/Users/neda/Desktop/workspace/BadSmells/util/Python/keras/recurrent/recurrent@04ea01f3@Sat Nov 19 05:19:42 2016 +0900.py,Recurrent,2,3,False,120,120,226,/Users/neda/Desktop/workspace/BadSmells/util/Python/keras/recurrent/recurrent
04ea01f3,/Users/neda/Desktop/workspace/BadSmells/util/Python/keras/recurrent/recurrent@04ea01f3@Sat Nov 19 05:19:42 2016 +0900.py,SimpleRNN,3,0,False,120,120,226,/Users/neda/Desktop/workspace/BadSmells/util/Python/keras/recurrent/recurrent
04ea01f3,/Users/neda/Desktop/workspace/BadSmells/util/Python/keras/recurrent/recurrent@04ea01f3@Sat Nov 19 05:19:42 2016 +0900.py,GRU,3,0,False,120,120,226,/Users/neda/Desktop/workspace/BadSmells/util/Python/keras/recurrent/recurrent
04ea01f3,/Users/neda/Desktop/workspace/BadSmells/util/Python/keras/recurrent/recurrent@04ea01f3@Sat Nov 19 05:19:42 2016 +0900.py,LSTM,3,0,False,120,120,226,/Users/neda/Desktop/workspace/BadSmells/util/Python/keras/recurrent/recurrent
7e071cd7,/Users/neda/Desktop/workspace/BadSmells/util/Python/keras/topology/topology@98af4eb3@Sat Mar 11 23:56:44 2017 -0800.py,InputSpec,1,0,False,135,137,216,/Users/neda/Desktop/workspace/BadSmells/util/Python/keras/topology/topology
7e071cd7,/Users/neda/Desktop/workspace/BadSmells/util/Python/keras/topology/topology@98af4eb3@Sat Mar 11 23:56:44 2017 -0800.py,Node,1,0,False,135,137,216,/Users/neda/Desktop/workspace/BadSmells/util/Python/keras/topology/topology
7e071cd7,/Users/neda/Desktop/workspace/BadSmells/util/Python/keras/topology/topology@98af4eb3@Sat Mar 11 23:56:44 2017 -0800.py,Layer,2,45,True,135,137,216,/Users/neda/Desktop/workspace/BadSmells/util/Python/keras/topology/topology
7e071cd7,/Users/neda/Desktop/workspace/BadSmells/util/Python/keras/topology/topology@98af4eb3@Sat Mar 11 23:56:44 2017 -0800.py,InputLayer,3,0,False,135,137,216,/Users/neda/Desktop/workspace/BadSmells/util/Python/keras/topology/topology
7e071cd7,/Users/neda/Desktop/workspace/BadSmells/util/Python/keras/topology/topology@98af4eb3@Sat Mar 11 23:56:44 2017 -0800.py,Container,3,1,False,135,137,216,/Users/neda/Desktop/workspace/BadSmells/util/Python/keras/topology/topology
7e071cd7,/Users/neda/Desktop/workspace/BadSmells/util/Python/keras/topology/topology@7374442a@Sun Mar 12 01:48:19 2017 -0800.py,InputSpec,1,0,False,136,137,216,/Users/neda/Desktop/workspace/BadSmells/util/Python/keras/topology/topology
7e071cd7,/Users/neda/Desktop/workspace/BadSmells/util/Python/keras/topology/topology@7374442a@Sun Mar 12 01:48:19 2017 -0800.py,Node,1,0,False,136,137,216,/Users/neda/Desktop/workspace/BadSmells/util/Python/keras/topology/topology
7e071cd7,/Users/neda/Desktop/workspace/BadSmells/util/Python/keras/topology/topology@7374442a@Sun Mar 12 01:48:19 2017 -0800.py,Layer,2,45,True,136,137,216,/Users/neda/Desktop/workspace/BadSmells/util/Python/keras/topology/topology
7e071cd7,/Users/neda/Desktop/workspace/BadSmells/util/Python/keras/topology/topology@7374442a@Sun Mar 12 01:48:19 2017 -0800.py,InputLayer,3,0,False,136,137,216,/Users/neda/Desktop/workspace/BadSmells/util/Python/keras/topology/topology
7e071cd7,/Users/neda/Desktop/workspace/BadSmells/util/Python/keras/topology/topology@7374442a@Sun Mar 12 01:48:19 2017 -0800.py,Container,3,1,False,136,137,216,/Users/neda/Desktop/workspace/BadSmells/util/Python/keras/topology/topology
7e071cd7,/Users/neda/Desktop/workspace/BadSmells/util/Python/keras/topology/topology@7e071cd7@Sun Mar 12 22:28:15 2017 +0400.py,InputSpec,1,0,False,137,137,216,/Users/neda/Desktop/workspace/BadSmells/util/Python/keras/topology/topology
7e071cd7,/Users/neda/Desktop/workspace/BadSmells/util/Python/keras/topology/topology@7e071cd7@Sun Mar 12 22:28:15 2017 +0400.py,Node,1,0,False,137,137,216,/Users/neda/Desktop/workspace/BadSmells/util/Python/keras/topology/topology
7e071cd7,/Users/neda/Desktop/workspace/BadSmells/util/Python/keras/topology/topology@7e071cd7@Sun Mar 12 22:28:15 2017 +0400.py,Layer,1,51,True,137,137,216,/Users/neda/Desktop/workspace/BadSmells/util/Python/keras/topology/topology
7e071cd7,/Users/neda/Desktop/workspace/BadSmells/util/Python/keras/topology/topology@7e071cd7@Sun Mar 12 22:28:15 2017 +0400.py,InputLayer,2,0,False,137,137,216,/Users/neda/Desktop/workspace/BadSmells/util/Python/keras/topology/topology
7e071cd7,/Users/neda/Desktop/workspace/BadSmells/util/Python/keras/topology/topology@7e071cd7@Sun Mar 12 22:28:15 2017 +0400.py,Merge,2,0,False,137,137,216,/Users/neda/Desktop/workspace/BadSmells/util/Python/keras/topology/topology
7e071cd7,/Users/neda/Desktop/workspace/BadSmells/util/Python/keras/topology/topology@7e071cd7@Sun Mar 12 22:28:15 2017 +0400.py,Container,2,1,False,137,137,216,/Users/neda/Desktop/workspace/BadSmells/util/Python/keras/topology/topology
de2884af,/Users/neda/Desktop/workspace/BadSmells/util/Python/keras/core/core@f2e4e2dd@Fri Dec 4 16:35:47 2015 -0500.py,Layer,1,27,True,176,178,366,/Users/neda/Desktop/workspace/BadSmells/util/Python/keras/core/core
de2884af,/Users/neda/Desktop/workspace/BadSmells/util/Python/keras/core/core@f2e4e2dd@Fri Dec 4 16:35:47 2015 -0500.py,MaskedLayer,2,14,True,176,178,366,/Users/neda/Desktop/workspace/BadSmells/util/Python/keras/core/core
de2884af,/Users/neda/Desktop/workspace/BadSmells/util/Python/keras/core/core@f2e4e2dd@Fri Dec 4 16:35:47 2015 -0500.py,Masking,3,0,False,176,178,366,/Users/neda/Desktop/workspace/BadSmells/util/Python/keras/core/core
de2884af,/Users/neda/Desktop/workspace/BadSmells/util/Python/keras/core/core@f2e4e2dd@Fri Dec 4 16:35:47 2015 -0500.py,TimeDistributedMerge,2,0,False,176,178,366,/Users/neda/Desktop/workspace/BadSmells/util/Python/keras/core/core
de2884af,/Users/neda/Desktop/workspace/BadSmells/util/Python/keras/core/core@f2e4e2dd@Fri Dec 4 16:35:47 2015 -0500.py,Merge,2,0,False,176,178,366,/Users/neda/Desktop/workspace/BadSmells/util/Python/keras/core/core
de2884af,/Users/neda/Desktop/workspace/BadSmells/util/Python/keras/core/core@f2e4e2dd@Fri Dec 4 16:35:47 2015 -0500.py,Dropout,3,0,False,176,178,366,/Users/neda/Desktop/workspace/BadSmells/util/Python/keras/core/core
de2884af,/Users/neda/Desktop/workspace/BadSmells/util/Python/keras/core/core@f2e4e2dd@Fri Dec 4 16:35:47 2015 -0500.py,Activation,3,0,False,176,178,366,/Users/neda/Desktop/workspace/BadSmells/util/Python/keras/core/core
de2884af,/Users/neda/Desktop/workspace/BadSmells/util/Python/keras/core/core@f2e4e2dd@Fri Dec 4 16:35:47 2015 -0500.py,Reshape,2,0,False,176,178,366,/Users/neda/Desktop/workspace/BadSmells/util/Python/keras/core/core
de2884af,/Users/neda/Desktop/workspace/BadSmells/util/Python/keras/core/core@f2e4e2dd@Fri Dec 4 16:35:47 2015 -0500.py,Permute,2,0,False,176,178,366,/Users/neda/Desktop/workspace/BadSmells/util/Python/keras/core/core
de2884af,/Users/neda/Desktop/workspace/BadSmells/util/Python/keras/core/core@f2e4e2dd@Fri Dec 4 16:35:47 2015 -0500.py,Flatten,2,0,False,176,178,366,/Users/neda/Desktop/workspace/BadSmells/util/Python/keras/core/core
de2884af,/Users/neda/Desktop/workspace/BadSmells/util/Python/keras/core/core@f2e4e2dd@Fri Dec 4 16:35:47 2015 -0500.py,RepeatVector,2,0,False,176,178,366,/Users/neda/Desktop/workspace/BadSmells/util/Python/keras/core/core
de2884af,/Users/neda/Desktop/workspace/BadSmells/util/Python/keras/core/core@f2e4e2dd@Fri Dec 4 16:35:47 2015 -0500.py,Dense,2,0,False,176,178,366,/Users/neda/Desktop/workspace/BadSmells/util/Python/keras/core/core
de2884af,/Users/neda/Desktop/workspace/BadSmells/util/Python/keras/core/core@f2e4e2dd@Fri Dec 4 16:35:47 2015 -0500.py,ActivityRegularization,2,0,False,176,178,366,/Users/neda/Desktop/workspace/BadSmells/util/Python/keras/core/core
de2884af,/Users/neda/Desktop/workspace/BadSmells/util/Python/keras/core/core@f2e4e2dd@Fri Dec 4 16:35:47 2015 -0500.py,TimeDistributedDense,3,0,False,176,178,366,/Users/neda/Desktop/workspace/BadSmells/util/Python/keras/core/core
de2884af,/Users/neda/Desktop/workspace/BadSmells/util/Python/keras/core/core@f2e4e2dd@Fri Dec 4 16:35:47 2015 -0500.py,AutoEncoder,2,0,False,176,178,366,/Users/neda/Desktop/workspace/BadSmells/util/Python/keras/core/core
de2884af,/Users/neda/Desktop/workspace/BadSmells/util/Python/keras/core/core@f2e4e2dd@Fri Dec 4 16:35:47 2015 -0500.py,MaxoutDense,2,0,False,176,178,366,/Users/neda/Desktop/workspace/BadSmells/util/Python/keras/core/core
de2884af,/Users/neda/Desktop/workspace/BadSmells/util/Python/keras/core/core@f2e4e2dd@Fri Dec 4 16:35:47 2015 -0500.py,Lambda,2,1,False,176,178,366,/Users/neda/Desktop/workspace/BadSmells/util/Python/keras/core/core
de2884af,/Users/neda/Desktop/workspace/BadSmells/util/Python/keras/core/core@f2e4e2dd@Fri Dec 4 16:35:47 2015 -0500.py,MaskedLambda,3,0,False,176,178,366,/Users/neda/Desktop/workspace/BadSmells/util/Python/keras/core/core
de2884af,/Users/neda/Desktop/workspace/BadSmells/util/Python/keras/core/core@f2e4e2dd@Fri Dec 4 16:35:47 2015 -0500.py,LambdaMerge,3,0,False,176,178,366,/Users/neda/Desktop/workspace/BadSmells/util/Python/keras/core/core
de2884af,/Users/neda/Desktop/workspace/BadSmells/util/Python/keras/core/core@f2e4e2dd@Fri Dec 4 16:35:47 2015 -0500.py,Siamese,2,0,False,176,178,366,/Users/neda/Desktop/workspace/BadSmells/util/Python/keras/core/core
de2884af,/Users/neda/Desktop/workspace/BadSmells/util/Python/keras/core/core@f2e4e2dd@Fri Dec 4 16:35:47 2015 -0500.py,SiameseHead,2,0,False,176,178,366,/Users/neda/Desktop/workspace/BadSmells/util/Python/keras/core/core
de2884af,/Users/neda/Desktop/workspace/BadSmells/util/Python/keras/core/core@4aa713b1@Sat Dec 5 16:57:28 2015 -0500.py,Layer,1,27,True,177,178,366,/Users/neda/Desktop/workspace/BadSmells/util/Python/keras/core/core
de2884af,/Users/neda/Desktop/workspace/BadSmells/util/Python/keras/core/core@4aa713b1@Sat Dec 5 16:57:28 2015 -0500.py,MaskedLayer,2,14,True,177,178,366,/Users/neda/Desktop/workspace/BadSmells/util/Python/keras/core/core
de2884af,/Users/neda/Desktop/workspace/BadSmells/util/Python/keras/core/core@4aa713b1@Sat Dec 5 16:57:28 2015 -0500.py,Masking,3,0,False,177,178,366,/Users/neda/Desktop/workspace/BadSmells/util/Python/keras/core/core
de2884af,/Users/neda/Desktop/workspace/BadSmells/util/Python/keras/core/core@4aa713b1@Sat Dec 5 16:57:28 2015 -0500.py,TimeDistributedMerge,2,0,False,177,178,366,/Users/neda/Desktop/workspace/BadSmells/util/Python/keras/core/core
de2884af,/Users/neda/Desktop/workspace/BadSmells/util/Python/keras/core/core@4aa713b1@Sat Dec 5 16:57:28 2015 -0500.py,Merge,2,0,False,177,178,366,/Users/neda/Desktop/workspace/BadSmells/util/Python/keras/core/core
de2884af,/Users/neda/Desktop/workspace/BadSmells/util/Python/keras/core/core@4aa713b1@Sat Dec 5 16:57:28 2015 -0500.py,Dropout,3,0,False,177,178,366,/Users/neda/Desktop/workspace/BadSmells/util/Python/keras/core/core
de2884af,/Users/neda/Desktop/workspace/BadSmells/util/Python/keras/core/core@4aa713b1@Sat Dec 5 16:57:28 2015 -0500.py,Activation,3,0,False,177,178,366,/Users/neda/Desktop/workspace/BadSmells/util/Python/keras/core/core
de2884af,/Users/neda/Desktop/workspace/BadSmells/util/Python/keras/core/core@4aa713b1@Sat Dec 5 16:57:28 2015 -0500.py,Reshape,2,0,False,177,178,366,/Users/neda/Desktop/workspace/BadSmells/util/Python/keras/core/core
de2884af,/Users/neda/Desktop/workspace/BadSmells/util/Python/keras/core/core@4aa713b1@Sat Dec 5 16:57:28 2015 -0500.py,Permute,2,0,False,177,178,366,/Users/neda/Desktop/workspace/BadSmells/util/Python/keras/core/core
de2884af,/Users/neda/Desktop/workspace/BadSmells/util/Python/keras/core/core@4aa713b1@Sat Dec 5 16:57:28 2015 -0500.py,Flatten,2,0,False,177,178,366,/Users/neda/Desktop/workspace/BadSmells/util/Python/keras/core/core
de2884af,/Users/neda/Desktop/workspace/BadSmells/util/Python/keras/core/core@4aa713b1@Sat Dec 5 16:57:28 2015 -0500.py,RepeatVector,2,0,False,177,178,366,/Users/neda/Desktop/workspace/BadSmells/util/Python/keras/core/core
de2884af,/Users/neda/Desktop/workspace/BadSmells/util/Python/keras/core/core@4aa713b1@Sat Dec 5 16:57:28 2015 -0500.py,Dense,2,0,False,177,178,366,/Users/neda/Desktop/workspace/BadSmells/util/Python/keras/core/core
de2884af,/Users/neda/Desktop/workspace/BadSmells/util/Python/keras/core/core@4aa713b1@Sat Dec 5 16:57:28 2015 -0500.py,ActivityRegularization,2,0,False,177,178,366,/Users/neda/Desktop/workspace/BadSmells/util/Python/keras/core/core
de2884af,/Users/neda/Desktop/workspace/BadSmells/util/Python/keras/core/core@4aa713b1@Sat Dec 5 16:57:28 2015 -0500.py,TimeDistributedDense,3,0,False,177,178,366,/Users/neda/Desktop/workspace/BadSmells/util/Python/keras/core/core
de2884af,/Users/neda/Desktop/workspace/BadSmells/util/Python/keras/core/core@4aa713b1@Sat Dec 5 16:57:28 2015 -0500.py,AutoEncoder,2,0,False,177,178,366,/Users/neda/Desktop/workspace/BadSmells/util/Python/keras/core/core
de2884af,/Users/neda/Desktop/workspace/BadSmells/util/Python/keras/core/core@4aa713b1@Sat Dec 5 16:57:28 2015 -0500.py,MaxoutDense,2,0,False,177,178,366,/Users/neda/Desktop/workspace/BadSmells/util/Python/keras/core/core
de2884af,/Users/neda/Desktop/workspace/BadSmells/util/Python/keras/core/core@4aa713b1@Sat Dec 5 16:57:28 2015 -0500.py,Lambda,2,1,False,177,178,366,/Users/neda/Desktop/workspace/BadSmells/util/Python/keras/core/core
de2884af,/Users/neda/Desktop/workspace/BadSmells/util/Python/keras/core/core@4aa713b1@Sat Dec 5 16:57:28 2015 -0500.py,MaskedLambda,3,0,False,177,178,366,/Users/neda/Desktop/workspace/BadSmells/util/Python/keras/core/core
de2884af,/Users/neda/Desktop/workspace/BadSmells/util/Python/keras/core/core@4aa713b1@Sat Dec 5 16:57:28 2015 -0500.py,LambdaMerge,3,0,False,177,178,366,/Users/neda/Desktop/workspace/BadSmells/util/Python/keras/core/core
de2884af,/Users/neda/Desktop/workspace/BadSmells/util/Python/keras/core/core@4aa713b1@Sat Dec 5 16:57:28 2015 -0500.py,Siamese,2,0,False,177,178,366,/Users/neda/Desktop/workspace/BadSmells/util/Python/keras/core/core
de2884af,/Users/neda/Desktop/workspace/BadSmells/util/Python/keras/core/core@4aa713b1@Sat Dec 5 16:57:28 2015 -0500.py,SiameseHead,2,0,False,177,178,366,/Users/neda/Desktop/workspace/BadSmells/util/Python/keras/core/core
de2884af,/Users/neda/Desktop/workspace/BadSmells/util/Python/keras/core/core@de2884af@Tue Dec 8 15:23:02 2015 +0530.py,Layer,1,27,True,178,178,366,/Users/neda/Desktop/workspace/BadSmells/util/Python/keras/core/core
de2884af,/Users/neda/Desktop/workspace/BadSmells/util/Python/keras/core/core@de2884af@Tue Dec 8 15:23:02 2015 +0530.py,MaskedLayer,2,14,True,178,178,366,/Users/neda/Desktop/workspace/BadSmells/util/Python/keras/core/core
de2884af,/Users/neda/Desktop/workspace/BadSmells/util/Python/keras/core/core@de2884af@Tue Dec 8 15:23:02 2015 +0530.py,Masking,3,0,False,178,178,366,/Users/neda/Desktop/workspace/BadSmells/util/Python/keras/core/core
de2884af,/Users/neda/Desktop/workspace/BadSmells/util/Python/keras/core/core@de2884af@Tue Dec 8 15:23:02 2015 +0530.py,TimeDistributedMerge,2,0,False,178,178,366,/Users/neda/Desktop/workspace/BadSmells/util/Python/keras/core/core
de2884af,/Users/neda/Desktop/workspace/BadSmells/util/Python/keras/core/core@de2884af@Tue Dec 8 15:23:02 2015 +0530.py,Merge,2,0,False,178,178,366,/Users/neda/Desktop/workspace/BadSmells/util/Python/keras/core/core
de2884af,/Users/neda/Desktop/workspace/BadSmells/util/Python/keras/core/core@de2884af@Tue Dec 8 15:23:02 2015 +0530.py,Dropout,3,0,False,178,178,366,/Users/neda/Desktop/workspace/BadSmells/util/Python/keras/core/core
de2884af,/Users/neda/Desktop/workspace/BadSmells/util/Python/keras/core/core@de2884af@Tue Dec 8 15:23:02 2015 +0530.py,Activation,3,0,False,178,178,366,/Users/neda/Desktop/workspace/BadSmells/util/Python/keras/core/core
de2884af,/Users/neda/Desktop/workspace/BadSmells/util/Python/keras/core/core@de2884af@Tue Dec 8 15:23:02 2015 +0530.py,Reshape,2,0,False,178,178,366,/Users/neda/Desktop/workspace/BadSmells/util/Python/keras/core/core
de2884af,/Users/neda/Desktop/workspace/BadSmells/util/Python/keras/core/core@de2884af@Tue Dec 8 15:23:02 2015 +0530.py,Permute,2,0,False,178,178,366,/Users/neda/Desktop/workspace/BadSmells/util/Python/keras/core/core
de2884af,/Users/neda/Desktop/workspace/BadSmells/util/Python/keras/core/core@de2884af@Tue Dec 8 15:23:02 2015 +0530.py,Flatten,2,0,False,178,178,366,/Users/neda/Desktop/workspace/BadSmells/util/Python/keras/core/core
de2884af,/Users/neda/Desktop/workspace/BadSmells/util/Python/keras/core/core@de2884af@Tue Dec 8 15:23:02 2015 +0530.py,RepeatVector,2,0,False,178,178,366,/Users/neda/Desktop/workspace/BadSmells/util/Python/keras/core/core
de2884af,/Users/neda/Desktop/workspace/BadSmells/util/Python/keras/core/core@de2884af@Tue Dec 8 15:23:02 2015 +0530.py,Dense,2,0,False,178,178,366,/Users/neda/Desktop/workspace/BadSmells/util/Python/keras/core/core
de2884af,/Users/neda/Desktop/workspace/BadSmells/util/Python/keras/core/core@de2884af@Tue Dec 8 15:23:02 2015 +0530.py,ActivityRegularization,2,0,False,178,178,366,/Users/neda/Desktop/workspace/BadSmells/util/Python/keras/core/core
de2884af,/Users/neda/Desktop/workspace/BadSmells/util/Python/keras/core/core@de2884af@Tue Dec 8 15:23:02 2015 +0530.py,TimeDistributedDense,3,0,False,178,178,366,/Users/neda/Desktop/workspace/BadSmells/util/Python/keras/core/core
de2884af,/Users/neda/Desktop/workspace/BadSmells/util/Python/keras/core/core@de2884af@Tue Dec 8 15:23:02 2015 +0530.py,AutoEncoder,2,0,False,178,178,366,/Users/neda/Desktop/workspace/BadSmells/util/Python/keras/core/core
de2884af,/Users/neda/Desktop/workspace/BadSmells/util/Python/keras/core/core@de2884af@Tue Dec 8 15:23:02 2015 +0530.py,MaxoutDense,2,0,False,178,178,366,/Users/neda/Desktop/workspace/BadSmells/util/Python/keras/core/core
de2884af,/Users/neda/Desktop/workspace/BadSmells/util/Python/keras/core/core@de2884af@Tue Dec 8 15:23:02 2015 +0530.py,Lambda,2,1,False,178,178,366,/Users/neda/Desktop/workspace/BadSmells/util/Python/keras/core/core
de2884af,/Users/neda/Desktop/workspace/BadSmells/util/Python/keras/core/core@de2884af@Tue Dec 8 15:23:02 2015 +0530.py,MaskedLambda,3,0,False,178,178,366,/Users/neda/Desktop/workspace/BadSmells/util/Python/keras/core/core
de2884af,/Users/neda/Desktop/workspace/BadSmells/util/Python/keras/core/core@de2884af@Tue Dec 8 15:23:02 2015 +0530.py,LambdaMerge,3,0,False,178,178,366,/Users/neda/Desktop/workspace/BadSmells/util/Python/keras/core/core
de2884af,/Users/neda/Desktop/workspace/BadSmells/util/Python/keras/core/core@de2884af@Tue Dec 8 15:23:02 2015 +0530.py,Siamese,2,0,False,178,178,366,/Users/neda/Desktop/workspace/BadSmells/util/Python/keras/core/core
de2884af,/Users/neda/Desktop/workspace/BadSmells/util/Python/keras/core/core@de2884af@Tue Dec 8 15:23:02 2015 +0530.py,SiameseHead,2,0,False,178,178,366,/Users/neda/Desktop/workspace/BadSmells/util/Python/keras/core/core
94a0f34f,/Users/neda/Desktop/workspace/BadSmells/util/Python/keras/training/training@c6c95144@Wed Nov 15 00:37:05 2017 +0300.py,Model,5,1,True,172,174,255,/Users/neda/Desktop/workspace/BadSmells/util/Python/keras/training/training
94a0f34f,/Users/neda/Desktop/workspace/BadSmells/util/Python/keras/training/training@0c41cefc@Tue Nov 14 21:53:42 2017 -0800.py,Model,5,1,True,173,174,255,/Users/neda/Desktop/workspace/BadSmells/util/Python/keras/training/training
94a0f34f,/Users/neda/Desktop/workspace/BadSmells/util/Python/keras/training/training@94a0f34f@Thu Nov 16 02:53:51 2017 +0800.py,Model,5,1,True,174,174,255,/Users/neda/Desktop/workspace/BadSmells/util/Python/keras/training/training
b260333e,/Users/neda/Desktop/workspace/BadSmells/util/Python/keras/image_ocr/image_ocr@10bfb1c5@Tue Feb 14 16:08:30 2017 -0800.py,TextImageGenerator,3,0,False,6,8,24,/Users/neda/Desktop/workspace/BadSmells/util/Python/keras/image_ocr/image_ocr
b260333e,/Users/neda/Desktop/workspace/BadSmells/util/Python/keras/image_ocr/image_ocr@10bfb1c5@Tue Feb 14 16:08:30 2017 -0800.py,VizCallback,3,0,False,6,8,24,/Users/neda/Desktop/workspace/BadSmells/util/Python/keras/image_ocr/image_ocr
b260333e,/Users/neda/Desktop/workspace/BadSmells/util/Python/keras/image_ocr/image_ocr@2b1c4779@Sun Mar 19 11:47:58 2017 +0100.py,TextImageGenerator,3,0,False,7,8,24,/Users/neda/Desktop/workspace/BadSmells/util/Python/keras/image_ocr/image_ocr
b260333e,/Users/neda/Desktop/workspace/BadSmells/util/Python/keras/image_ocr/image_ocr@2b1c4779@Sun Mar 19 11:47:58 2017 +0100.py,VizCallback,3,0,False,7,8,24,/Users/neda/Desktop/workspace/BadSmells/util/Python/keras/image_ocr/image_ocr
b260333e,/Users/neda/Desktop/workspace/BadSmells/util/Python/keras/image_ocr/image_ocr@b260333e@Thu Mar 30 16:54:12 2017 +0530.py,TextImageGenerator,3,0,False,8,8,24,/Users/neda/Desktop/workspace/BadSmells/util/Python/keras/image_ocr/image_ocr
b260333e,/Users/neda/Desktop/workspace/BadSmells/util/Python/keras/image_ocr/image_ocr@b260333e@Thu Mar 30 16:54:12 2017 +0530.py,VizCallback,3,0,False,8,8,24,/Users/neda/Desktop/workspace/BadSmells/util/Python/keras/image_ocr/image_ocr
60deb6e2,/Users/neda/Desktop/workspace/BadSmells/util/Python/keras/theano_backend/theano_backend@b377edf9@Mon Mar 13 21:17:57 2017 +0400.py,Function,1,0,False,182,184,286,/Users/neda/Desktop/workspace/BadSmells/util/Python/keras/theano_backend/theano_backend
60deb6e2,/Users/neda/Desktop/workspace/BadSmells/util/Python/keras/theano_backend/theano_backend@0cc52cf2@Wed Mar 15 14:54:46 2017 +0900.py,Function,1,0,False,183,184,286,/Users/neda/Desktop/workspace/BadSmells/util/Python/keras/theano_backend/theano_backend
60deb6e2,/Users/neda/Desktop/workspace/BadSmells/util/Python/keras/theano_backend/theano_backend@60deb6e2@Mon Mar 20 00:57:07 2017 +0530.py,Function,1,0,False,184,184,286,/Users/neda/Desktop/workspace/BadSmells/util/Python/keras/theano_backend/theano_backend
4f9e7bf9,/Users/neda/Desktop/workspace/BadSmells/util/Python/keras/recurrent/recurrent@47350dc6@Wed Apr 19 14:28:49 2017 -0700.py,Recurrent,3,4,False,162,164,226,/Users/neda/Desktop/workspace/BadSmells/util/Python/keras/recurrent/recurrent
4f9e7bf9,/Users/neda/Desktop/workspace/BadSmells/util/Python/keras/recurrent/recurrent@47350dc6@Wed Apr 19 14:28:49 2017 -0700.py,SimpleRNN,4,0,True,162,164,226,/Users/neda/Desktop/workspace/BadSmells/util/Python/keras/recurrent/recurrent
4f9e7bf9,/Users/neda/Desktop/workspace/BadSmells/util/Python/keras/recurrent/recurrent@47350dc6@Wed Apr 19 14:28:49 2017 -0700.py,GRU,4,0,True,162,164,226,/Users/neda/Desktop/workspace/BadSmells/util/Python/keras/recurrent/recurrent
4f9e7bf9,/Users/neda/Desktop/workspace/BadSmells/util/Python/keras/recurrent/recurrent@47350dc6@Wed Apr 19 14:28:49 2017 -0700.py,LSTM,4,0,True,162,164,226,/Users/neda/Desktop/workspace/BadSmells/util/Python/keras/recurrent/recurrent
4f9e7bf9,/Users/neda/Desktop/workspace/BadSmells/util/Python/keras/recurrent/recurrent@365f621b@Mon Apr 24 23:20:04 2017 -0400.py,Recurrent,3,4,False,163,164,226,/Users/neda/Desktop/workspace/BadSmells/util/Python/keras/recurrent/recurrent
4f9e7bf9,/Users/neda/Desktop/workspace/BadSmells/util/Python/keras/recurrent/recurrent@365f621b@Mon Apr 24 23:20:04 2017 -0400.py,SimpleRNN,4,0,True,163,164,226,/Users/neda/Desktop/workspace/BadSmells/util/Python/keras/recurrent/recurrent
4f9e7bf9,/Users/neda/Desktop/workspace/BadSmells/util/Python/keras/recurrent/recurrent@365f621b@Mon Apr 24 23:20:04 2017 -0400.py,GRU,4,0,True,163,164,226,/Users/neda/Desktop/workspace/BadSmells/util/Python/keras/recurrent/recurrent
4f9e7bf9,/Users/neda/Desktop/workspace/BadSmells/util/Python/keras/recurrent/recurrent@365f621b@Mon Apr 24 23:20:04 2017 -0400.py,LSTM,4,0,True,163,164,226,/Users/neda/Desktop/workspace/BadSmells/util/Python/keras/recurrent/recurrent
4f9e7bf9,/Users/neda/Desktop/workspace/BadSmells/util/Python/keras/recurrent/recurrent@4f9e7bf9@Tue Apr 25 20:05:53 2017 +0200.py,Recurrent,3,4,False,164,164,226,/Users/neda/Desktop/workspace/BadSmells/util/Python/keras/recurrent/recurrent
4f9e7bf9,/Users/neda/Desktop/workspace/BadSmells/util/Python/keras/recurrent/recurrent@4f9e7bf9@Tue Apr 25 20:05:53 2017 +0200.py,SimpleRNN,4,0,True,164,164,226,/Users/neda/Desktop/workspace/BadSmells/util/Python/keras/recurrent/recurrent
4f9e7bf9,/Users/neda/Desktop/workspace/BadSmells/util/Python/keras/recurrent/recurrent@4f9e7bf9@Tue Apr 25 20:05:53 2017 +0200.py,GRU,4,0,True,164,164,226,/Users/neda/Desktop/workspace/BadSmells/util/Python/keras/recurrent/recurrent
4f9e7bf9,/Users/neda/Desktop/workspace/BadSmells/util/Python/keras/recurrent/recurrent@4f9e7bf9@Tue Apr 25 20:05:53 2017 +0200.py,LSTM,4,0,True,164,164,226,/Users/neda/Desktop/workspace/BadSmells/util/Python/keras/recurrent/recurrent
63059f60,/Users/neda/Desktop/workspace/BadSmells/util/Python/keras/training/training@d627fd87@Wed Apr 6 09:04:53 2016 -0700.py,Model,3,2,False,7,9,255,/Users/neda/Desktop/workspace/BadSmells/util/Python/keras/training/training
63059f60,/Users/neda/Desktop/workspace/BadSmells/util/Python/keras/training/training@1baddb90@Wed Apr 6 11:46:01 2016 -0700.py,Model,3,2,False,8,9,255,/Users/neda/Desktop/workspace/BadSmells/util/Python/keras/training/training
63059f60,/Users/neda/Desktop/workspace/BadSmells/util/Python/keras/training/training@63059f60@Wed Apr 6 16:56:31 2016 -0700.py,Model,3,2,False,9,9,255,/Users/neda/Desktop/workspace/BadSmells/util/Python/keras/training/training
80fbbc3a,/Users/neda/Desktop/workspace/BadSmells/util/Python/keras/image/image@414d5f09@Thu Sep 22 12:11:39 2016 +0800.py,ImageDataGenerator,1,0,False,43,45,137,/Users/neda/Desktop/workspace/BadSmells/util/Python/keras/image/image
80fbbc3a,/Users/neda/Desktop/workspace/BadSmells/util/Python/keras/image/image@414d5f09@Thu Sep 22 12:11:39 2016 +0800.py,Iterator,1,2,False,43,45,137,/Users/neda/Desktop/workspace/BadSmells/util/Python/keras/image/image
80fbbc3a,/Users/neda/Desktop/workspace/BadSmells/util/Python/keras/image/image@414d5f09@Thu Sep 22 12:11:39 2016 +0800.py,NumpyArrayIterator,2,0,False,43,45,137,/Users/neda/Desktop/workspace/BadSmells/util/Python/keras/image/image
80fbbc3a,/Users/neda/Desktop/workspace/BadSmells/util/Python/keras/image/image@414d5f09@Thu Sep 22 12:11:39 2016 +0800.py,DirectoryIterator,2,0,False,43,45,137,/Users/neda/Desktop/workspace/BadSmells/util/Python/keras/image/image
80fbbc3a,/Users/neda/Desktop/workspace/BadSmells/util/Python/keras/image/image@458576bb@Thu Sep 29 03:30:21 2016 +0800.py,ImageDataGenerator,1,0,False,44,45,137,/Users/neda/Desktop/workspace/BadSmells/util/Python/keras/image/image
80fbbc3a,/Users/neda/Desktop/workspace/BadSmells/util/Python/keras/image/image@458576bb@Thu Sep 29 03:30:21 2016 +0800.py,Iterator,1,2,False,44,45,137,/Users/neda/Desktop/workspace/BadSmells/util/Python/keras/image/image
80fbbc3a,/Users/neda/Desktop/workspace/BadSmells/util/Python/keras/image/image@458576bb@Thu Sep 29 03:30:21 2016 +0800.py,NumpyArrayIterator,2,0,False,44,45,137,/Users/neda/Desktop/workspace/BadSmells/util/Python/keras/image/image
80fbbc3a,/Users/neda/Desktop/workspace/BadSmells/util/Python/keras/image/image@458576bb@Thu Sep 29 03:30:21 2016 +0800.py,DirectoryIterator,2,0,False,44,45,137,/Users/neda/Desktop/workspace/BadSmells/util/Python/keras/image/image
80fbbc3a,/Users/neda/Desktop/workspace/BadSmells/util/Python/keras/image/image@80fbbc3a@Tue Oct 25 20:40:03 2016 +0300.py,ImageDataGenerator,1,0,False,45,45,137,/Users/neda/Desktop/workspace/BadSmells/util/Python/keras/image/image
80fbbc3a,/Users/neda/Desktop/workspace/BadSmells/util/Python/keras/image/image@80fbbc3a@Tue Oct 25 20:40:03 2016 +0300.py,Iterator,1,2,False,45,45,137,/Users/neda/Desktop/workspace/BadSmells/util/Python/keras/image/image
80fbbc3a,/Users/neda/Desktop/workspace/BadSmells/util/Python/keras/image/image@80fbbc3a@Tue Oct 25 20:40:03 2016 +0300.py,NumpyArrayIterator,2,0,False,45,45,137,/Users/neda/Desktop/workspace/BadSmells/util/Python/keras/image/image
80fbbc3a,/Users/neda/Desktop/workspace/BadSmells/util/Python/keras/image/image@80fbbc3a@Tue Oct 25 20:40:03 2016 +0300.py,DirectoryIterator,2,0,False,45,45,137,/Users/neda/Desktop/workspace/BadSmells/util/Python/keras/image/image
1b158ff4,/Users/neda/Desktop/workspace/BadSmells/util/Python/keras/models/models@3927505d@Mon Jul 4 14:50:01 2016 +1000.py,Sequential,4,0,True,211,213,332,/Users/neda/Desktop/workspace/BadSmells/util/Python/keras/models/models
1b158ff4,/Users/neda/Desktop/workspace/BadSmells/util/Python/keras/models/models@b6a776b2@Tue Jul 12 20:17:03 2016 -0700.py,Sequential,4,0,True,212,213,332,/Users/neda/Desktop/workspace/BadSmells/util/Python/keras/models/models
1b158ff4,/Users/neda/Desktop/workspace/BadSmells/util/Python/keras/models/models@1b158ff4@Tue Jul 19 07:00:13 2016 +0530.py,Sequential,4,0,True,213,213,332,/Users/neda/Desktop/workspace/BadSmells/util/Python/keras/models/models
86b12f6f,/Users/neda/Desktop/workspace/BadSmells/util/Python/keras/merge/merge@466f0b91@Tue Mar 28 13:44:11 2017 +0200.py,_Merge,3,6,True,12,14,32,/Users/neda/Desktop/workspace/BadSmells/util/Python/keras/merge/merge
86b12f6f,/Users/neda/Desktop/workspace/BadSmells/util/Python/keras/merge/merge@466f0b91@Tue Mar 28 13:44:11 2017 +0200.py,Add,4,0,True,12,14,32,/Users/neda/Desktop/workspace/BadSmells/util/Python/keras/merge/merge
86b12f6f,/Users/neda/Desktop/workspace/BadSmells/util/Python/keras/merge/merge@466f0b91@Tue Mar 28 13:44:11 2017 +0200.py,Multiply,4,0,True,12,14,32,/Users/neda/Desktop/workspace/BadSmells/util/Python/keras/merge/merge
86b12f6f,/Users/neda/Desktop/workspace/BadSmells/util/Python/keras/merge/merge@466f0b91@Tue Mar 28 13:44:11 2017 +0200.py,Average,4,0,True,12,14,32,/Users/neda/Desktop/workspace/BadSmells/util/Python/keras/merge/merge
86b12f6f,/Users/neda/Desktop/workspace/BadSmells/util/Python/keras/merge/merge@466f0b91@Tue Mar 28 13:44:11 2017 +0200.py,Maximum,4,0,True,12,14,32,/Users/neda/Desktop/workspace/BadSmells/util/Python/keras/merge/merge
86b12f6f,/Users/neda/Desktop/workspace/BadSmells/util/Python/keras/merge/merge@466f0b91@Tue Mar 28 13:44:11 2017 +0200.py,Concatenate,4,0,True,12,14,32,/Users/neda/Desktop/workspace/BadSmells/util/Python/keras/merge/merge
86b12f6f,/Users/neda/Desktop/workspace/BadSmells/util/Python/keras/merge/merge@466f0b91@Tue Mar 28 13:44:11 2017 +0200.py,Dot,4,0,True,12,14,32,/Users/neda/Desktop/workspace/BadSmells/util/Python/keras/merge/merge
86b12f6f,/Users/neda/Desktop/workspace/BadSmells/util/Python/keras/merge/merge@3dd5fc88@Tue Mar 28 13:44:33 2017 +0200.py,_Merge,3,6,True,13,14,32,/Users/neda/Desktop/workspace/BadSmells/util/Python/keras/merge/merge
86b12f6f,/Users/neda/Desktop/workspace/BadSmells/util/Python/keras/merge/merge@3dd5fc88@Tue Mar 28 13:44:33 2017 +0200.py,Add,4,0,True,13,14,32,/Users/neda/Desktop/workspace/BadSmells/util/Python/keras/merge/merge
86b12f6f,/Users/neda/Desktop/workspace/BadSmells/util/Python/keras/merge/merge@3dd5fc88@Tue Mar 28 13:44:33 2017 +0200.py,Multiply,4,0,True,13,14,32,/Users/neda/Desktop/workspace/BadSmells/util/Python/keras/merge/merge
86b12f6f,/Users/neda/Desktop/workspace/BadSmells/util/Python/keras/merge/merge@3dd5fc88@Tue Mar 28 13:44:33 2017 +0200.py,Average,4,0,True,13,14,32,/Users/neda/Desktop/workspace/BadSmells/util/Python/keras/merge/merge
86b12f6f,/Users/neda/Desktop/workspace/BadSmells/util/Python/keras/merge/merge@3dd5fc88@Tue Mar 28 13:44:33 2017 +0200.py,Maximum,4,0,True,13,14,32,/Users/neda/Desktop/workspace/BadSmells/util/Python/keras/merge/merge
86b12f6f,/Users/neda/Desktop/workspace/BadSmells/util/Python/keras/merge/merge@3dd5fc88@Tue Mar 28 13:44:33 2017 +0200.py,Concatenate,4,0,True,13,14,32,/Users/neda/Desktop/workspace/BadSmells/util/Python/keras/merge/merge
86b12f6f,/Users/neda/Desktop/workspace/BadSmells/util/Python/keras/merge/merge@3dd5fc88@Tue Mar 28 13:44:33 2017 +0200.py,Dot,4,0,True,13,14,32,/Users/neda/Desktop/workspace/BadSmells/util/Python/keras/merge/merge
86b12f6f,/Users/neda/Desktop/workspace/BadSmells/util/Python/keras/merge/merge@86b12f6f@Thu Mar 30 04:24:59 2017 -0700.py,_Merge,3,6,True,14,14,32,/Users/neda/Desktop/workspace/BadSmells/util/Python/keras/merge/merge
86b12f6f,/Users/neda/Desktop/workspace/BadSmells/util/Python/keras/merge/merge@86b12f6f@Thu Mar 30 04:24:59 2017 -0700.py,Add,4,0,True,14,14,32,/Users/neda/Desktop/workspace/BadSmells/util/Python/keras/merge/merge
86b12f6f,/Users/neda/Desktop/workspace/BadSmells/util/Python/keras/merge/merge@86b12f6f@Thu Mar 30 04:24:59 2017 -0700.py,Multiply,4,0,True,14,14,32,/Users/neda/Desktop/workspace/BadSmells/util/Python/keras/merge/merge
86b12f6f,/Users/neda/Desktop/workspace/BadSmells/util/Python/keras/merge/merge@86b12f6f@Thu Mar 30 04:24:59 2017 -0700.py,Average,4,0,True,14,14,32,/Users/neda/Desktop/workspace/BadSmells/util/Python/keras/merge/merge
86b12f6f,/Users/neda/Desktop/workspace/BadSmells/util/Python/keras/merge/merge@86b12f6f@Thu Mar 30 04:24:59 2017 -0700.py,Maximum,4,0,True,14,14,32,/Users/neda/Desktop/workspace/BadSmells/util/Python/keras/merge/merge
86b12f6f,/Users/neda/Desktop/workspace/BadSmells/util/Python/keras/merge/merge@86b12f6f@Thu Mar 30 04:24:59 2017 -0700.py,Concatenate,4,0,True,14,14,32,/Users/neda/Desktop/workspace/BadSmells/util/Python/keras/merge/merge
86b12f6f,/Users/neda/Desktop/workspace/BadSmells/util/Python/keras/merge/merge@86b12f6f@Thu Mar 30 04:24:59 2017 -0700.py,Dot,4,0,True,14,14,32,/Users/neda/Desktop/workspace/BadSmells/util/Python/keras/merge/merge
