ClassName.MethodName,CM,Length of CM,CC,Length of CC,Changed Methods,Length of Changed Methods,Changed Classes,Length of Changed Classes
Layer.__call__,[],0,[],0,[],0,[],0
Model._predict_loop,[],0,[],0,[],0,[],0
Model.fit_generator,[],0,[],0,[],0,[],0
Model.fit_generator,[],0,[],0,[],0,[],0
Model.predict_generator,[],0,[],0,[],0,[],0
Model.predict_generator,[],0,[],0,[],0,[],0
Model.predict_generator,[],0,[],0,[],0,[],0
Conv2DTranspose.__init__,[],0,[],0,[],0,[],0
_Merge._merge_function,[],0,[],0,[],0,[],0
_Merge.build,[],0,[],0,[],0,[],0
Concatenate.compute_mask,[],0,[],0,[],0,[],0
GRU.step,[],0,[],0,[],0,[],0
Wrapper.get_config,[],0,[],0,[],0,[],0
Bidirectional.compute_output_shape,[],0,[],0,[],0,[],0
Merge.compute_mask,[],0,[],0,[],0,[],0
Sequential.fit_generator,[],0,[],0,[],0,[],0
Sequential.predict_generator,[],0,[],0,[],0,[],0
Sequential.predict_generator,[],0,[],0,[],0,[],0
Sequential.get_config,[],0,[],0,[],0,[],0
Iterator._flow_index,[],0,[],0,[],0,[],0
KerasClassifier.predict,[],0,[],0,[],0,[],0
KerasClassifier.score,[],0,[],0,[],0,[],0
TestBackend.test_shape_operations,[],0,[],0,[],0,[],0
TestBackend.test_repeat_elements,[],0,[],0,[],0,[],0
TestBackend.test_tile,[],0,[],0,[],0,[],0
TestBackend.test_gather,[],0,[],0,[],0,[],0
TestBackend.test_elementwise_operations,[],0,[],0,[],0,[],0
TestBackend.test_map,[],0,[],0,[],0,[],0
TestBackend.test_foldr,[],0,[],0,[],0,[],0
Graph.add_shared_node,[],0,[],0,[],0,[],0
Convolution1D.get_output,[],0,[],0,[],0,[],0
Convolution2D.get_output,[],0,[],0,[],0,[],0
Merge.output_shape,[],0,[],0,[],0,[],0
Merge.get_output,[],0,[],0,[],0,[],0
Siamese.output_shape,[],0,[],0,[],0,[],0
Siamese.get_output_cos,[],0,[],0,[],0,[],0
Siamese.get_output,[],0,[],0,[],0,[],0
Recurrent.step,[],0,[],0,[],0,[],0
Recurrent.get_output,[],0,[],0,[],0,[],0
Adadelta.get_config,[],0,[],0,[],0,[],0
Progbar.update,[],0,[],0,[],0,[],0
Progbar.update,[],0,[],0,[],0,[],0
TestBackend.test_rnn,[],0,[],0,[],0,[],0
TestCall.test_layer_call,[],0,[],0,[],0,[],0
TestCall.test_sequential_call,[],0,[],0,[],0,[],0
Recurrent.reset_states,"['SimpleRNN.build', 'LSTM.build', 'GRU.build']",3,"['SimpleRNN', 'LSTM', 'GRU']",3,[],0,[],0
Function.__call__,[],0,[],0,[],0,[],0
EarlyStopping.__init__,[],0,[],0,[],0,[],0
EarlyStopping.on_epoch_end,[],0,[],0,[],0,[],0
Model.compile,[],0,[],0,[],0,[],0
Convolution1D.__init__,[],0,[],0,[],0,[],0
AtrousConvolution1D.__init__,[],0,[],0,[],0,[],0
Convolution2D.__init__,[],0,[],0,[],0,[],0
Deconvolution2D.__init__,[],0,[],0,[],0,[],0
Deconvolution2D.call,[],0,[],0,[],0,[],0
AtrousConvolution2D.__init__,[],0,[],0,[],0,[],0
Convolution3D.__init__,[],0,[],0,[],0,[],0
Convolution3D.__init__,[],0,[],0,[],0,[],0
_Pooling1D._pooling_function,[],0,[],0,[],0,[],0
Recurrent.call,[],0,[],0,[],0,[],0
SimpleRNN.reset_states,[],0,[],0,[],0,[],0
TimeDistributed.step,[],0,[],0,[],0,[],0
Sequential.add,[],0,[],0,[],0,[],0
Sequential.fit_generator,[],0,[],0,[],0,[],0
Sequential.fit_generator,[],0,[],0,[],0,[],0
Sequential.evaluate_generator,[],0,[],0,[],0,[],0
LeakyReLU.get_output,[],0,[],0,[],0,[],0
PReLU.get_output,[],0,[],0,[],0,[],0
ParametricSoftplus.get_output,[],0,[],0,[],0,[],0
ThresholdedLinear.get_output,[],0,[],0,[],0,[],0
ThresholdedReLu.get_output,[],0,[],0,[],0,[],0
Sequential.add,[],0,[],0,[],0,[],0
Graph.get_output,[],0,[],0,[],0,[],0
Graph.add_input,[],0,[],0,[],0,[],0
Graph.add_node,[],0,[],0,[],0,[],0
Convolution1D.__init__,[],0,[],0,[],0,[],0
Convolution1D.__init__,[],0,[],0,[],0,[],0
Convolution1D.get_output,[],0,[],0,[],0,[],0
Convolution1D.get_output,[],0,[],0,[],0,[],0
Convolution2D.get_output,[],0,[],0,[],0,[],0
Convolution2D.get_output,[],0,[],0,[],0,[],0
MaxPooling1D.get_output,[],0,[],0,[],0,[],0
MaxPooling2D.get_output,[],0,[],0,[],0,[],0
UpSample1D.get_output,[],0,[],0,[],0,[],0
UpSample2D.get_output,[],0,[],0,[],0,[],0
ZeroPadding1D.__init__,[],0,[],0,[],0,[],0
ZeroPadding2D.get_output,[],0,[],0,[],0,[],0
Layer.get_output_mask,[],0,[],0,[],0,[],0
Layer.get_weights,[],0,[],0,[],0,[],0
Masking.get_output,[],0,[],0,[],0,[],0
TimeDistributedMerge.get_output,[],0,[],0,[],0,[],0
Merge.set_weights,[],0,[],0,[],0,[],0
Dropout.get_output,[],0,[],0,[],0,[],0
Activation.get_output,[],0,[],0,[],0,[],0
Reshape.get_output,[],0,[],0,[],0,[],0
Permute.get_output,[],0,[],0,[],0,[],0
RepeatVector.get_output,[],0,[],0,[],0,[],0
Dense.__init__,[],0,[],0,[],0,[],0
Dense.get_output,[],0,[],0,[],0,[],0
ActivityRegularization.get_output,[],0,[],0,[],0,[],0
TimeDistributedDense.__init__,[],0,[],0,[],0,[],0
TimeDistributedDense.get_output,[],0,[],0,[],0,[],0
MaxoutDense.__init__,[],0,[],0,[],0,[],0
MaxoutDense.get_output,[],0,[],0,[],0,[],0
Embedding.get_output,[],0,[],0,[],0,[],0
WordContextProduct.get_output,[],0,[],0,[],0,[],0
GaussianNoise.get_output,[],0,[],0,[],0,[],0
GaussianDropout.get_output,[],0,[],0,[],0,[],0
BatchNormalization.build,[],0,[],0,[],0,[],0
BatchNormalization.set_weights,[],0,[],0,[],0,[],0
BatchNormalization.get_output,[],0,[],0,[],0,[],0
LRN2D.get_output,[],0,[],0,[],0,[],0
SimpleRNN.__init__,[],0,[],0,[],0,[],0
SimpleRNN.get_output,[],0,[],0,[],0,[],0
SimpleDeepRNN.__init__,[],0,[],0,[],0,[],0
SimpleDeepRNN.__init__,[],0,[],0,[],0,[],0
SimpleDeepRNN.get_output,[],0,[],0,[],0,[],0
GRU.__init__,[],0,[],0,[],0,[],0
GRU.__init__,[],0,[],0,[],0,[],0
GRU.get_output,[],0,[],0,[],0,[],0
LSTM.__init__,[],0,[],0,[],0,[],0
LSTM.__init__,[],0,[],0,[],0,[],0
LSTM.get_output,[],0,[],0,[],0,[],0
JZS1.__init__,[],0,[],0,[],0,[],0
JZS1.__init__,[],0,[],0,[],0,[],0
JZS1.get_output,[],0,[],0,[],0,[],0
JZS2.__init__,[],0,[],0,[],0,[],0
JZS2.__init__,[],0,[],0,[],0,[],0
JZS2.get_output,[],0,[],0,[],0,[],0
JZS3.__init__,[],0,[],0,[],0,[],0
JZS3.__init__,[],0,[],0,[],0,[],0
JZS3.get_output,[],0,[],0,[],0,[],0
Progbar.update,[],0,[],0,[],0,[],0
TestConvolutions.test_convolution_1d,[],0,[],0,[],0,[],0
TestConvolutions.test_convolution_1d,[],0,[],0,[],0,[],0
TestConvolutions.test_convolution_2d,[],0,[],0,[],0,[],0
TestConvolutions.test_convolution_2d,[],0,[],0,[],0,[],0
TestConfigParams.test_repeat_vector,[],0,[],0,[],0,[],0
TestConfigParams.test_act_reg,[],0,[],0,[],0,[],0
TestConstraints.test_unitnorm,[],0,[],0,[],0,[],0
TestBatchNormalization.setUp,[],0,[],0,[],0,[],0
TestBatchNormalization.test_mode_0,[],0,[],0,[],0,[],0
TestBatchNormalization.test_shapes,[],0,[],0,[],0,[],0
TestBatchNormalization.test_weight_init,[],0,[],0,[],0,[],0
TestBatchNormalization.test_weight_init,[],0,[],0,[],0,[],0
TestGraph.test_1o_1i,[],0,[],0,[],0,[],0
TestGraph.test_1o_1i_2,[],0,[],0,[],0,[],0
TestGraph.test_1o_2i,[],0,[],0,[],0,[],0
TestGraph.test_2o_1i_weights,[],0,[],0,[],0,[],0
TestGraph.test_2o_1i_weights,[],0,[],0,[],0,[],0
TestGraph.test_2o_1i_sample_weights,[],0,[],0,[],0,[],0
TestGraph.test_recursive,[],0,[],0,[],0,[],0
TestGraph.test_create_output,[],0,[],0,[],0,[],0
TestGraph.test_count_params,[],0,[],0,[],0,[],0
TestLossMasking.test_loss_masking,[],0,[],0,[],0,[],0
TestSequential.test_sequential,[],0,[],0,[],0,[],0
TestSequential.test_sequential,[],0,[],0,[],0,[],0
TestSequential.test_merge_sum,[],0,[],0,[],0,[],0
TestSequential.test_merge_sum,[],0,[],0,[],0,[],0
TestSequential.test_merge_concat,[],0,[],0,[],0,[],0
TestSequential.test_merge_concat,[],0,[],0,[],0,[],0
TestSequential.test_merge_recursivity,[],0,[],0,[],0,[],0
TestSequential.test_merge_overlap,[],0,[],0,[],0,[],0
TestShapeInference.test_RepeatVector,[],0,[],0,[],0,[],0
TestShapeInference.test_Convolution1D,[],0,[],0,[],0,[],0
TestShapeInference.test_Convolution2D,[],0,[],0,[],0,[],0
TestShapeInference.test_SimpleRNN,[],0,[],0,[],0,[],0
TestRegularizers.test_vector_clf,[],0,[],0,[],0,[],0
TestRegularizers.test_vector_reg,[],0,[],0,[],0,[],0
TestRegularizers.test_temporal_clf,[],0,[],0,[],0,[],0
TestRegularizers.test_temporal_reg,[],0,[],0,[],0,[],0
TestRegularizers.test_seq_to_seq,[],0,[],0,[],0,[],0
TestRegularizers.test_img_clf,[],0,[],0,[],0,[],0
Container.__init__,[],0,[],0,[],0,[],0
Container.build_map_of_graph,[],0,[],0,[],0,[],0
Container.build_map_of_graph,[],0,[],0,[],0,[],0
Model.test_on_batch,[],0,[],0,[],0,[],0
Model.predict_on_batch,[],0,[],0,[],0,[],0
CallbackList._call_batch_hook,[],0,[],0,[],0,[],0
Sequential.predict_classes,[],0,[],0,[],0,[],0
CharacterTable.encode,[],0,[],0,[],0,[],0
TextImageGenerator.get_batch,[],0,[],0,[],0,[],0
TextImageGenerator.get_batch,[],0,[],0,[],0,[],0
TextImageGenerator.get_batch,[],0,[],0,[],0,[],0
VizCallback.on_epoch_end,[],0,[],0,[],0,[],0
Container.__init__,[],0,[],0,[],0,[],0
Container.build_map_of_graph,[],0,[],0,[],0,[],0
Container.__init__,[],0,[],0,[],0,[],0
Container.non_trainable_weights,[],0,[],0,[],0,[],0
Layer.__init__,[],0,[],0,[],0,[],0
Layer.add_updates,"['BatchNormalization.call', 'Recurrent.call']",2,"['BatchNormalization', 'Recurrent']",2,[],0,[],0
Container.updates,"['BatchNormalization.call', 'Recurrent.call']",2,"['BatchNormalization', 'Recurrent']",2,[],0,[],0
Container.run_internal_graph,"['BatchNormalization.call', 'Recurrent.call']",2,"['BatchNormalization', 'Recurrent']",2,[],0,[],0
Recurrent.get_config,"['BatchNormalization.call', 'Recurrent.call']",2,"['BatchNormalization', 'Recurrent']",2,[],0,[],0
Container.run_internal_graph,[],0,[],0,[],0,[],0
Container.run_internal_graph,[],0,[],0,[],0,[],0
Container.run_internal_graph,[],0,[],0,[],0,[],0
Model.fit_generator,[],0,[],0,[],0,[],0
Model.fit_generator,[],0,[],0,[],0,[],0
Model.fit_generator,[],0,[],0,[],0,[],0
Model.fit_generator,[],0,[],0,[],0,[],0
Model.fit_generator,[],0,[],0,[],0,[],0
Model.fit_generator,[],0,[],0,[],0,[],0
Model.fit_generator,[],0,[],0,[],0,[],0
Sequential.predict_classes,[],0,[],0,[],0,[],0
Sequential.fit_generator,[],0,[],0,[],0,[],0
Sequential.fit_generator,[],0,[],0,[],0,[],0
Sequential.fit_generator,[],0,[],0,[],0,[],0
Graph.add_shared_node,[],0,[],0,[],0,[],0
Merge.output_shape,[],0,[],0,[],0,[],0
Merge.get_output,[],0,[],0,[],0,[],0
Siamese.output_shape,[],0,[],0,[],0,[],0
Siamese.get_output_cos,[],0,[],0,[],0,[],0
Siamese.get_output,[],0,[],0,[],0,[],0
Siamese.get_config,[],0,[],0,[],0,[],0
Model.compile,[],0,[],0,[],0,[],0
Function.__init__,[],0,[],0,[],0,[],0
Function.__init__,[],0,[],0,[],0,[],0
TensorBoard.__init__,[],0,[],0,[],0,[],0
TensorBoard.__init__,[],0,[],0,[],0,[],0
TensorBoard.set_model,[],0,[],0,[],0,[],0
TensorBoard.on_epoch_end,[],0,[],0,[],0,[],0
CSVLogger.__init__,[],0,[],0,[],0,[],0
Container.__init__,[],0,[],0,[],0,[],0
Container.build_map_of_graph,[],0,[],0,[],0,[],0
Model.compile,[],0,[],0,[],0,[],0
Model.compile,[],0,[],0,[],0,[],0
Model._make_train_function,[],0,[],0,[],0,[],0
Model._make_test_function,[],0,[],0,[],0,[],0
Model._make_predict_function,[],0,[],0,[],0,[],0
Model.fit,[],0,[],0,[],0,[],0
Model.fit_generator,[],0,[],0,[],0,[],0
Model.evaluate_generator,[],0,[],0,[],0,[],0
ConvRecurrent2D.__init__,[],0,[],0,[],0,[],0
ConvLSTM2D.__init__,[],0,[],0,[],0,[],0
ConvLSTM2D.reset_states,[],0,[],0,[],0,[],0
Recurrent.reset_states,"['SimpleRNN.build', 'LSTM.build', 'GRU.build']",3,"['SimpleRNN', 'LSTM', 'GRU']",3,[],0,[],0
DirectoryIterator.__init__,"['SimpleRNN.build', 'LSTM.build', 'GRU.build']",3,"['SimpleRNN', 'LSTM', 'GRU']",3,[],0,[],0
DirectoryIterator.next,"['SimpleRNN.build', 'LSTM.build', 'GRU.build']",3,"['SimpleRNN', 'LSTM', 'GRU']",3,[],0,[],0
HDF5Matrix.__len__,"['SimpleRNN.build', 'LSTM.build', 'GRU.build']",3,"['SimpleRNN', 'LSTM', 'GRU']",3,[],0,[],0
TestImage.test_directory_iterator,"['SimpleRNN.build', 'LSTM.build', 'GRU.build']",3,"['SimpleRNN', 'LSTM', 'GRU']",3,[],0,[],0
Layer.__call__,[],0,[],0,[],0,[],0
_Merge.compute_output_shape,[],0,[],0,[],0,[],0
Layer.__init__,[],0,[],0,[],0,[],0
Layer.__init__,[],0,[],0,[],0,[],0
Layer.__call__,[],0,[],0,[],0,[],0
Layer.compute_output_shape,[],0,[],0,[],0,[],0
Container.compute_output_shape,[],0,[],0,[],0,[],0
Model.compile,[],0,[],0,[],0,[],0
Model.fit,[],0,[],0,[],0,[],0
Model.predict_generator,[],0,[],0,[],0,[],0
Model.predict_generator,[],0,[],0,[],0,[],0
Model.predict_generator,[],0,[],0,[],0,[],0
_Conv.get_config,[],0,[],0,[],0,[],0
Dropout.dropped_inputs,[],0,[],0,[],0,[],0
Dense.get_config,[],0,[],0,[],0,[],0
LocallyConnected1D.get_config,[],0,[],0,[],0,[],0
LocallyConnected2D.get_config,[],0,[],0,[],0,[],0
_Merge.call,[],0,[],0,[],0,[],0
Wrapper.get_config,[],0,[],0,[],0,[],0
Merge.compute_mask,[],0,[],0,[],0,[],0
Sequential.predict_generator,[],0,[],0,[],0,[],0
Sequential.predict_generator,[],0,[],0,[],0,[],0
KerasClassifier.predict,[],0,[],0,[],0,[],0
KerasClassifier.score,[],0,[],0,[],0,[],0
TestBackend.test_shape_operations,[],0,[],0,[],0,[],0
TestBackend.test_repeat_elements,[],0,[],0,[],0,[],0
TestBackend.test_tile,[],0,[],0,[],0,[],0
TestBackend.test_gather,[],0,[],0,[],0,[],0
