CommitID,File Name,Class Name,DIT,IUR,Total IR,AUIR,AvgAUIR,isRefusedBequest,Index of File In Folder,Index of Bug Fixed Commit In File,Number of Files In Folder,Folder
848cc592,/Users/neda/Documents/workspace/DissertationProject/util/Python/models/blocks_masked_conv2d/blocks_masked_conv2d@848cc592@Sat Jan 20 15:03:04 2018 +0100.py,RasterScanConv2D,3,2,11,0.18181818181818182,0.39839640384816916,True,0,0,1,/Users/neda/Documents/workspace/DissertationProject/util/Python/models/blocks_masked_conv2d/blocks_masked_conv2d
848cc592,/Users/neda/Documents/workspace/DissertationProject/util/Python/models/blocks_masked_conv2d/blocks_masked_conv2d@848cc592@Sat Jan 20 15:03:04 2018 +0100.py,DepthOrderConv2D,3,2,11,0.18181818181818182,0.39839640384816916,True,0,0,1,/Users/neda/Documents/workspace/DissertationProject/util/Python/models/blocks_masked_conv2d/blocks_masked_conv2d
848cc592,/Users/neda/Documents/workspace/DissertationProject/util/Python/models/blocks_masked_conv2d/blocks_masked_conv2d@848cc592@Sat Jan 20 15:03:04 2018 +0100.py,GroupRasterScanConv2D,3,2,11,0.18181818181818182,0.39839640384816916,True,0,0,1,/Users/neda/Documents/workspace/DissertationProject/util/Python/models/blocks_masked_conv2d/blocks_masked_conv2d
848cc592,/Users/neda/Documents/workspace/DissertationProject/util/Python/models/blocks_masked_conv2d/blocks_masked_conv2d@848cc592@Sat Jan 20 15:03:04 2018 +0100.py,InFillingConv2D,3,2,11,0.18181818181818182,0.39839640384816916,True,0,0,1,/Users/neda/Documents/workspace/DissertationProject/util/Python/models/blocks_masked_conv2d/blocks_masked_conv2d
0f6f656f,/Users/neda/Documents/workspace/DissertationProject/util/Python/models/keras_benchmark/keras_benchmark@05b9122f@Wed Apr 24 16:26:56 2019 -0700.py,KerasBenchmark,2,0,0,0,0.4581227230964587,True,6,7,15,/Users/neda/Documents/workspace/DissertationProject/util/Python/models/keras_benchmark/keras_benchmark
0f6f656f,/Users/neda/Documents/workspace/DissertationProject/util/Python/models/keras_benchmark/keras_benchmark@d3610769@Wed Jun 19 07:06:08 2019 -0700.py,KerasBenchmark,2,1,6,0.16666666666666666,0.43334983529816945,True,8,7,15,/Users/neda/Documents/workspace/DissertationProject/util/Python/models/keras_benchmark/keras_benchmark
6f881f77,/Users/neda/Documents/workspace/DissertationProject/util/Python/models/cifar10_main/cifar10_main@424c2045@Wed Dec 19 21:25:11 2018 -0800.py,Cifar10Model,2,1,20,0.05,0.42338803185287377,True,94,95,111,/Users/neda/Documents/workspace/DissertationProject/util/Python/models/cifar10_main/cifar10_main
6f881f77,/Users/neda/Documents/workspace/DissertationProject/util/Python/models/cifar10_main/cifar10_main@6f881f77@Thu Dec 20 06:35:10 2018 +0000.py,Cifar10Model,2,1,20,0.05,0.42338803185287377,True,95,95,111,/Users/neda/Documents/workspace/DissertationProject/util/Python/models/cifar10_main/cifar10_main
6f881f77,/Users/neda/Documents/workspace/DissertationProject/util/Python/models/cifar10_main/cifar10_main@79b885f0@Thu Jan 10 16:07:22 2019 -0800.py,Cifar10Model,2,1,20,0.05,0.42443471566069974,True,96,95,111,/Users/neda/Documents/workspace/DissertationProject/util/Python/models/cifar10_main/cifar10_main
58cb61b5,/Users/neda/Documents/workspace/DissertationProject/util/Python/models/progressive/progressive@e41999f8@Wed May 24 15:05:15 2017 +0200.py,BrnnPredictor,2,3,28,0.10714285714285714,0.34545646832825416,True,0,1,3,/Users/neda/Documents/workspace/DissertationProject/util/Python/models/progressive/progressive
58cb61b5,/Users/neda/Documents/workspace/DissertationProject/util/Python/models/progressive/progressive@e41999f8@Wed May 24 15:05:15 2017 +0200.py,LayerPrediction,2,3,28,0.10714285714285714,0.34545646832825416,True,0,1,3,/Users/neda/Documents/workspace/DissertationProject/util/Python/models/progressive/progressive
58cb61b5,/Users/neda/Documents/workspace/DissertationProject/util/Python/models/progressive/progressive@e41999f8@Wed May 24 15:05:15 2017 +0200.py,ProgressiveModel,2,7,7,1.0,0.34545646832825416,False,0,1,3,/Users/neda/Documents/workspace/DissertationProject/util/Python/models/progressive/progressive
58cb61b5,/Users/neda/Documents/workspace/DissertationProject/util/Python/models/progressive/progressive@58cb61b5@Tue Nov 21 06:27:38 2017 +0100.py,BrnnPredictor,2,3,28,0.10714285714285714,0.34950826525277134,True,1,1,3,/Users/neda/Documents/workspace/DissertationProject/util/Python/models/progressive/progressive
58cb61b5,/Users/neda/Documents/workspace/DissertationProject/util/Python/models/progressive/progressive@58cb61b5@Tue Nov 21 06:27:38 2017 +0100.py,LayerPrediction,2,3,28,0.10714285714285714,0.34950826525277134,True,1,1,3,/Users/neda/Documents/workspace/DissertationProject/util/Python/models/progressive/progressive
58cb61b5,/Users/neda/Documents/workspace/DissertationProject/util/Python/models/progressive/progressive@58cb61b5@Tue Nov 21 06:27:38 2017 +0100.py,ProgressiveModel,2,7,7,1.0,0.34950826525277134,False,1,1,3,/Users/neda/Documents/workspace/DissertationProject/util/Python/models/progressive/progressive
58cb61b5,/Users/neda/Documents/workspace/DissertationProject/util/Python/models/progressive/progressive@af68b03b@Tue Nov 21 15:09:45 2017 -0800.py,BrnnPredictor,2,3,28,0.10714285714285714,0.34950826525277134,True,2,1,3,/Users/neda/Documents/workspace/DissertationProject/util/Python/models/progressive/progressive
58cb61b5,/Users/neda/Documents/workspace/DissertationProject/util/Python/models/progressive/progressive@af68b03b@Tue Nov 21 15:09:45 2017 -0800.py,LayerPrediction,2,3,28,0.10714285714285714,0.34950826525277134,True,2,1,3,/Users/neda/Documents/workspace/DissertationProject/util/Python/models/progressive/progressive
58cb61b5,/Users/neda/Documents/workspace/DissertationProject/util/Python/models/progressive/progressive@af68b03b@Tue Nov 21 15:09:45 2017 -0800.py,ProgressiveModel,2,7,7,1.0,0.34950826525277134,False,2,1,3,/Users/neda/Documents/workspace/DissertationProject/util/Python/models/progressive/progressive
848cc592,/Users/neda/Documents/workspace/DissertationProject/util/Python/models/model_ptn/model_ptn@848cc592@Sat Jan 20 15:03:04 2018 +0100.py,model_PTN,3,6,11,0.5454545454545454,0.39839640384816916,False,0,0,1,/Users/neda/Documents/workspace/DissertationProject/util/Python/models/model_ptn/model_ptn
